﻿Year,Quarter,Month,Day,Average of High
2022,Qtr 1,February,1,543.95
2022,Qtr 1,February,2,544.25
2022,Qtr 1,February,3,544.7
2022,Qtr 1,February,4,546.4
2022,Qtr 1,February,7,549
2022,Qtr 1,February,8,537.65
2022,Qtr 1,February,9,536.5
2022,Qtr 1,February,10,543.95
2022,Qtr 1,February,11,537.7
2022,Qtr 1,February,14,515.6
2022,Qtr 1,February,15,526.85
2022,Qtr 1,February,16,528
2022,Qtr 1,February,17,520
2022,Qtr 1,February,18,520.9
2022,Qtr 1,February,21,517.5
2022,Qtr 1,February,22,505.3
2022,Qtr 1,February,23,505.35
2022,Qtr 1,February,24,487.95
2022,Qtr 1,February,25,491.9
2022,Qtr 1,February,28,485.3
2022,Qtr 1,March,2,479.8
2022,Qtr 1,March,3,483.4
2022,Qtr 1,March,4,470.9
2022,Qtr 1,March,7,453.95
2022,Qtr 1,March,8,442.1
2022,Qtr 1,March,9,454.3
2022,Qtr 1,March,10,476.65
2022,Qtr 1,March,11,474.8
2022,Qtr 1,March,14,486
2022,Qtr 1,March,15,490.5
2022,Qtr 1,March,16,494.3
2022,Qtr 1,March,17,503.5
2022,Qtr 1,March,21,502
2022,Qtr 1,March,22,495.8
2022,Qtr 1,March,23,502.4
2022,Qtr 1,March,24,494.8
2022,Qtr 1,March,25,493.3
2022,Qtr 1,March,28,498.6
2022,Qtr 1,March,29,501.4
2022,Qtr 1,March,30,500.4
2022,Qtr 1,March,31,497.55
2022,Qtr 2,April,1,509.75
2022,Qtr 2,April,4,514.9
2022,Qtr 2,April,5,516.4
2022,Qtr 2,April,6,515.2
2022,Qtr 2,April,7,519.9
2022,Qtr 2,April,8,519.5
2022,Qtr 2,April,11,522
2022,Qtr 2,April,12,516.7
2022,Qtr 2,April,13,520.9
2022,Qtr 2,April,18,515
2022,Qtr 2,April,19,520.95
2022,Qtr 2,April,20,513.7
2022,Qtr 2,April,21,518
2022,Qtr 2,April,22,513.5
2022,Qtr 2,April,25,499.2
2022,Qtr 2,April,26,507.9
2022,Qtr 2,April,27,502.8
2022,Qtr 2,April,28,510
2022,Qtr 2,April,29,512.5
2022,Qtr 2,May,2,495
2022,Qtr 2,May,4,496.45
2022,Qtr 2,May,5,494
2022,Qtr 2,May,6,486.1
2022,Qtr 2,May,9,483.7
2022,Qtr 2,May,10,482.55
2022,Qtr 2,May,11,479
2022,Qtr 2,May,12,473
2022,Qtr 2,May,13,477
2022,Qtr 2,May,16,461.5
2022,Qtr 2,May,17,469.65
2022,Qtr 2,May,18,468.6
2022,Qtr 2,May,19,450
2022,Qtr 2,May,20,464
2022,Qtr 2,May,23,471.4
2022,Qtr 2,May,24,466.8
2022,Qtr 2,May,25,464.45
2022,Qtr 2,May,26,470.1
2022,Qtr 2,May,27,475
2022,Qtr 2,May,30,476.9
2022,Qtr 2,May,31,476.4
2022,Qtr 2,June,1,472
2022,Qtr 2,June,2,472.35
2022,Qtr 2,June,3,475.5
2022,Qtr 2,June,6,465.6
2022,Qtr 2,June,7,465.95
2022,Qtr 2,June,8,475.55
2022,Qtr 2,June,9,470.9
2022,Qtr 2,June,10,464.15
2022,Qtr 2,June,13,454.05
2022,Qtr 2,June,14,449.25
2022,Qtr 2,June,15,455.45
2022,Qtr 2,June,16,457.75
2022,Qtr 2,June,17,447.55
2022,Qtr 2,June,20,443.45
2022,Qtr 2,June,21,454.95
2022,Qtr 2,June,22,451.2
2022,Qtr 2,June,23,456.45
2022,Qtr 2,June,24,460.35
2022,Qtr 2,June,27,464.85
2022,Qtr 2,June,28,465.75
2022,Qtr 2,June,29,462.7
2022,Qtr 2,June,30,469.3
2022,Qtr 3,July,1,468.8
2022,Qtr 3,July,4,474.15
2022,Qtr 3,July,5,480
2022,Qtr 3,July,6,481
2022,Qtr 3,July,7,488.25
2022,Qtr 3,July,8,489.9
2022,Qtr 3,July,11,491.3
2022,Qtr 3,July,12,491.35
2022,Qtr 3,July,13,492.45
2022,Qtr 3,July,14,488.9
2022,Qtr 3,July,15,484.4
2022,Qtr 3,July,18,491.5
2022,Qtr 3,July,19,498.55
2022,Qtr 3,July,20,510.6
2022,Qtr 3,July,21,513.4
2022,Qtr 3,July,22,520.2
2022,Qtr 3,July,25,519
2022,Qtr 3,July,26,520.8
2022,Qtr 3,July,27,529.95
2022,Qtr 3,July,28,537.5
2022,Qtr 3,July,29,537
2022,Qtr 3,August,1,535
2022,Qtr 3,August,2,544.9
2022,Qtr 3,August,3,546.4
2022,Qtr 3,August,4,544
2022,Qtr 3,August,5,542.9
2022,Qtr 3,August,8,524
2022,Qtr 3,August,10,523.5
2022,Qtr 3,August,11,526
2022,Qtr 3,August,12,531.8
2022,Qtr 3,August,16,533.85
2022,Qtr 3,August,17,530.55
2022,Qtr 3,August,18,534.8
2022,Qtr 3,August,19,533.65
2022,Qtr 3,August,22,519.9
2022,Qtr 3,August,23,524
2022,Qtr 3,August,24,523
2022,Qtr 3,August,25,528.3
2022,Qtr 3,August,26,529.5
2022,Qtr 3,August,29,517
2022,Qtr 3,August,30,532.5
2022,Qtr 3,September,1,540.9
2022,Qtr 3,September,2,537.85
2022,Qtr 3,September,5,540.8
2022,Qtr 3,September,6,542.7
2022,Qtr 3,September,7,537.45
2022,Qtr 3,September,8,546.3
2022,Qtr 3,September,9,557
2022,Qtr 3,September,12,558.6
2022,Qtr 3,September,13,560
2022,Qtr 3,September,14,574.85
2022,Qtr 3,September,15,578.5
2022,Qtr 3,September,16,574
2022,Qtr 3,September,19,574.4
2022,Qtr 3,September,20,577.95
2022,Qtr 3,September,21,577.3
2022,Qtr 3,September,22,574
2022,Qtr 3,September,23,568
2022,Qtr 3,September,26,549
2022,Qtr 3,September,27,550.9
2022,Qtr 3,September,28,539.8
2022,Qtr 3,September,29,535.7
2022,Qtr 3,September,30,536.9
2022,Qtr 4,October,3,531.65
2022,Qtr 4,October,4,535.8
2022,Qtr 4,October,6,541.8
2022,Qtr 4,October,7,535.6
2022,Qtr 4,October,10,533.9
2022,Qtr 4,October,11,533.7
2022,Qtr 4,October,12,535
2022,Qtr 4,October,13,533.8
2022,Qtr 4,October,14,534.85
2022,Qtr 4,October,17,544.7
2022,Qtr 4,October,18,563.5
2022,Qtr 4,October,19,563.45
2022,Qtr 4,October,20,556.8
2022,Qtr 4,October,21,565.8
2022,Qtr 4,October,24,572.5
2022,Qtr 4,October,25,586.2
2022,Qtr 4,October,27,585
2022,Qtr 4,October,28,582.65
2022,Qtr 4,October,31,577.45
2022,Qtr 4,November,1,585.75
2022,Qtr 4,November,2,578.95
2022,Qtr 4,November,3,587.95
2022,Qtr 4,November,4,596.95
2022,Qtr 4,November,7,622.7
2022,Qtr 4,November,9,621
2022,Qtr 4,November,10,615.1
2022,Qtr 4,November,11,619.55
2022,Qtr 4,November,14,603.95
2022,Qtr 4,November,15,602.1
2022,Qtr 4,November,16,603.5
2022,Qtr 4,November,17,602.75
2022,Qtr 4,November,18,605.75
2022,Qtr 4,November,21,602.1
2022,Qtr 4,November,22,600.7
2022,Qtr 4,November,23,609.6
2022,Qtr 4,November,24,611.3
2022,Qtr 4,November,25,613.7
2022,Qtr 4,November,28,610.9
2022,Qtr 4,November,29,611.8
2022,Qtr 4,November,30,611.4
2022,Qtr 4,December,1,609.8
2022,Qtr 4,December,2,609.6
2022,Qtr 4,December,5,618
2022,Qtr 4,December,6,619.8
2022,Qtr 4,December,7,612.9
2022,Qtr 4,December,8,613.8
2022,Qtr 4,December,9,618
2022,Qtr 4,December,12,618.7
2022,Qtr 4,December,13,617.4
2022,Qtr 4,December,14,626.75
2022,Qtr 4,December,15,629.55
2022,Qtr 4,December,16,615.6
2022,Qtr 4,December,19,609.5
2022,Qtr 4,December,20,606.5
2022,Qtr 4,December,21,609.15
2022,Qtr 4,December,22,599
2022,Qtr 4,December,23,590.7
2022,Qtr 4,December,26,601.7
2022,Qtr 4,December,27,603.1
2022,Qtr 4,December,28,607
2022,Qtr 4,December,29,618
2022,Qtr 4,December,30,620.55
2023,Qtr 1,January,2,619.2
2023,Qtr 1,January,3,616.6
2023,Qtr 1,January,4,614.95
2023,Qtr 1,January,5,611.6
2023,Qtr 1,January,6,607.45
2023,Qtr 1,January,9,609
2023,Qtr 1,January,10,609
2023,Qtr 1,January,11,599.5
2023,Qtr 1,January,12,597.9
2023,Qtr 1,January,13,602.9
2023,Qtr 1,January,16,606.1
2023,Qtr 1,January,17,606
2023,Qtr 1,January,18,597.15
2023,Qtr 1,January,19,591.75
2023,Qtr 1,January,20,596.6
2023,Qtr 1,January,23,601.75
2023,Qtr 1,January,24,604.6
2023,Qtr 1,January,25,595.85
2023,Qtr 1,January,27,568.55
2023,Qtr 1,January,30,554.35
2023,Qtr 1,January,31,557
2023,Qtr 1,February,1,565
2023,Qtr 1,February,2,532.65
2023,Qtr 1,February,3,545.95
2023,Qtr 1,February,6,558.8
2023,Qtr 1,February,7,551.4
2023,Qtr 1,February,8,554.5
2023,Qtr 1,February,9,552
2023,Qtr 1,February,10,557.25
2023,Qtr 1,February,13,556.9
2023,Qtr 1,February,14,544.6
2023,Qtr 1,February,15,544.65
2023,Qtr 1,February,16,546.85
2023,Qtr 1,February,17,539.65
2023,Qtr 1,February,20,533.95
2023,Qtr 1,February,21,528.95
2023,Qtr 1,February,22,521.9
2023,Qtr 1,February,23,524
2023,Qtr 1,February,24,527.5
2023,Qtr 1,February,27,529.8
2023,Qtr 1,February,28,528.45
2023,Qtr 1,March,1,537.4
2023,Qtr 1,March,2,539.9
2023,Qtr 1,March,3,564.3
2023,Qtr 1,March,6,567.9
2023,Qtr 1,March,8,565.5
2023,Qtr 1,March,9,565.75
2023,Qtr 1,March,10,554.95
2023,Qtr 1,March,13,553.15
2023,Qtr 1,March,14,532.8
2023,Qtr 1,March,15,532
2023,Qtr 1,March,16,529.35
2023,Qtr 1,March,17,531.6
2023,Qtr 1,March,20,526.6
2023,Qtr 1,March,21,523.45
2023,Qtr 1,March,22,527
2023,Qtr 1,March,23,521
2023,Qtr 1,March,24,514.95
2023,Qtr 1,March,27,514.15
2023,Qtr 1,March,28,511.75
2023,Qtr 1,March,29,518
2023,Qtr 1,March,31,524.9
2023,Qtr 2,April,3,528.5
2023,Qtr 2,April,5,527.6
2023,Qtr 2,April,6,533.7
2023,Qtr 2,April,10,530.4
2023,Qtr 2,April,11,535.7
2023,Qtr 2,April,12,534
2023,Qtr 2,April,13,534.25
2023,Qtr 2,April,17,545
2023,Qtr 2,April,18,548.5
2023,Qtr 2,April,19,547.5
2023,Qtr 2,April,20,545.45
2023,Qtr 2,April,21,546.4
2023,Qtr 2,April,24,555.55
2023,Qtr 2,April,25,567.9
2023,Qtr 2,April,26,567
2023,Qtr 2,April,27,567.4
2023,Qtr 2,April,28,580.45
2023,Qtr 2,May,2,580.85
2023,Qtr 2,May,3,575
2023,Qtr 2,May,4,580.8
2023,Qtr 2,May,5,588.25
2023,Qtr 2,May,8,587.6
2023,Qtr 2,May,9,586.45
2023,Qtr 2,May,10,575
2023,Qtr 2,May,11,580
2023,Qtr 2,May,12,580.75
2023,Qtr 2,May,15,584
2023,Qtr 2,May,16,590.4
2023,Qtr 2,May,17,590.5
2023,Qtr 2,May,18,593.9
2023,Qtr 2,May,19,586.25
2023,Qtr 2,May,22,580.3
2023,Qtr 2,May,23,583.7
2023,Qtr 2,May,24,585.25
2023,Qtr 2,May,25,582.9
2023,Qtr 2,May,26,587.75
2023,Qtr 2,May,29,596.4
2023,Qtr 2,May,30,595.5
2023,Qtr 2,May,31,584.8
2023,Qtr 2,June,1,586.4
2023,Qtr 2,June,2,588.9
2023,Qtr 2,June,5,589.8
2023,Qtr 2,June,6,588.9
2023,Qtr 2,June,7,590.6
2023,Qtr 2,June,8,593.95
2023,Qtr 2,June,9,589.1
2023,Qtr 2,June,12,581.5
2023,Qtr 2,June,13,581.4
2023,Qtr 2,June,14,578.55
2023,Qtr 2,June,15,576.7
2023,Qtr 2,June,16,574.7
2023,Qtr 2,June,19,572.75
2023,Qtr 2,June,20,569.45
2023,Qtr 2,June,21,569.5
2023,Qtr 2,June,22,569
2023,Qtr 2,June,23,562.1
2023,Qtr 2,June,26,558.5
2023,Qtr 2,June,27,567.95
2023,Qtr 2,June,28,574
2023,Qtr 2,June,30,574
2023,Qtr 3,July,3,586.35
2023,Qtr 3,July,4,595.95
2023,Qtr 3,July,5,593.7
2023,Qtr 3,July,6,593.5
2023,Qtr 3,July,7,595.5
2023,Qtr 3,July,10,599.8
2023,Qtr 3,July,11,595.95
2023,Qtr 3,July,12,594.5
2023,Qtr 3,July,13,598
2023,Qtr 3,July,14,591.3
2023,Qtr 3,July,17,602.85
2023,Qtr 3,July,18,604.05
2023,Qtr 3,July,19,602.4
2023,Qtr 3,July,20,610.8
2023,Qtr 3,July,21,619.5
2023,Qtr 3,July,24,621.9
2023,Qtr 3,July,25,621.8
2023,Qtr 3,July,26,616.35
2023,Qtr 3,July,27,621.25
2023,Qtr 3,July,28,619.9
2023,Qtr 3,July,31,621
2023,Qtr 3,August,1,620.85
2023,Qtr 3,August,2,610.5
2023,Qtr 3,August,3,600.85
2023,Qtr 3,August,4,598.7
2023,Qtr 3,August,7,577
2023,Qtr 3,August,8,574.25
2023,Qtr 3,August,9,575
2023,Qtr 3,August,10,577.6
2023,Qtr 3,August,11,579
2023,Qtr 3,August,14,573
2023,Qtr 3,August,16,566.4
2023,Qtr 3,August,17,573.15
2023,Qtr 3,August,18,575.25
2023,Qtr 3,August,21,575.55
2023,Qtr 3,August,22,574.45
2023,Qtr 3,August,23,577.95
2023,Qtr 3,August,24,582
2023,Qtr 3,August,25,575.3
2023,Qtr 3,August,28,574.8
2023,Qtr 3,August,29,576.3
2023,Qtr 3,August,30,577.7
2023,Qtr 3,August,31,570.3
2023,Qtr 3,September,1,571.2
2023,Qtr 3,September,4,576.35
2023,Qtr 3,September,5,578.25
2023,Qtr 3,September,6,574.25
2023,Qtr 3,September,7,581
2023,Qtr 3,September,8,588.5
2023,Qtr 3,September,11,592.3
2023,Qtr 3,September,12,594.25
2023,Qtr 3,September,13,598
2023,Qtr 3,September,14,603.7
2023,Qtr 3,September,15,600.7
2023,Qtr 3,September,18,608.4
2023,Qtr 3,September,20,606.8
2023,Qtr 3,September,21,606.6
2023,Qtr 3,September,22,602
2023,Qtr 3,September,25,601.5
2023,Qtr 3,September,26,595
2023,Qtr 3,September,27,594.3
2023,Qtr 3,September,28,595.2
2023,Qtr 3,September,29,600
2023,Qtr 4,October,3,604.9
2023,Qtr 4,October,4,600.45
2023,Qtr 4,October,5,594.35
2023,Qtr 4,October,6,598.95
2023,Qtr 4,October,9,589
2023,Qtr 4,October,10,595
2023,Qtr 4,October,11,597
2023,Qtr 4,October,12,593
2023,Qtr 4,October,13,581.3
2023,Qtr 4,October,16,578.75
2023,Qtr 4,October,17,579.95
2023,Qtr 4,October,18,579.25
2023,Qtr 4,October,19,574
2023,Qtr 4,October,20,570
2023,Qtr 4,October,23,566
2023,Qtr 4,October,25,560.8
2023,Qtr 4,October,26,552.9
2023,Qtr 4,October,27,562.5
2023,Qtr 4,October,30,566.7
2023,Qtr 4,October,31,569.5
2023,Qtr 4,November,1,569.65
2023,Qtr 4,November,2,575.45
2023,Qtr 4,November,3,579.5
2023,Qtr 4,November,6,582.5
2023,Qtr 4,November,7,581.2
2023,Qtr 4,November,8,582.6
2023,Qtr 4,November,9,581.85
2023,Qtr 4,November,10,581
2023,Qtr 4,November,12,584.75
2023,Qtr 4,November,13,582.5
2023,Qtr 4,November,15,588
2023,Qtr 4,November,16,588
2023,Qtr 4,November,17,574.5
2023,Qtr 4,November,20,566.8
2023,Qtr 4,November,21,566.65
2023,Qtr 4,November,22,564.5
2023,Qtr 4,November,23,563.5
2023,Qtr 4,November,24,562.45
2023,Qtr 4,November,28,565.2
2023,Qtr 4,November,29,569
2023,Qtr 4,November,30,570.2
2023,Qtr 4,December,1,574.2
2023,Qtr 4,December,4,596
2023,Qtr 4,December,5,611.3
2023,Qtr 4,December,6,614
2023,Qtr 4,December,7,612.55
2023,Qtr 4,December,8,616.8
2023,Qtr 4,December,11,619.9
2023,Qtr 4,December,12,617.95
2023,Qtr 4,December,13,620.5
2023,Qtr 4,December,14,627.75
2023,Qtr 4,December,15,650
2023,Qtr 4,December,18,655.65
2023,Qtr 4,December,19,659.6
2023,Qtr 4,December,20,660.4
2023,Qtr 4,December,21,648.95
2023,Qtr 4,December,22,649.4
2023,Qtr 4,December,26,641.3
2023,Qtr 4,December,27,649.45
2023,Qtr 4,December,28,653.3
2023,Qtr 4,December,29,649.6
2024,Qtr 1,January,1,646.9
2024,Qtr 1,January,2,648
2024,Qtr 1,January,3,648
2024,Qtr 1,January,4,646.4
2024,Qtr 1,January,5,651.75
2024,Qtr 1,January,8,645
2024,Qtr 1,January,9,634.35
2024,Qtr 1,January,10,625.3
2024,Qtr 1,January,11,627.15
2024,Qtr 1,January,12,636.5
2024,Qtr 1,January,15,645.5
2024,Qtr 1,January,16,644.9
2024,Qtr 1,January,17,636.8
2024,Qtr 1,January,18,633.45
2024,Qtr 1,January,19,635.5
2024,Qtr 1,January,20,633.8
2024,Qtr 1,January,23,634.9
2024,Qtr 1,January,24,622.35
2024,Qtr 1,January,25,623.8
2024,Qtr 1,January,29,629.5
2024,Qtr 1,January,30,633.5
2024,Qtr 1,January,31,643.2
2024,Qtr 1,February,1,652.95
2024,Qtr 1,February,2,660.55
2024,Qtr 1,February,5,654.8
2024,Qtr 1,February,6,655
2024,Qtr 1,February,7,677.95
2024,Qtr 1,February,8,718.9
2024,Qtr 1,February,9,728.35
2024,Qtr 1,February,12,726
2024,Qtr 1,February,13,718
2024,Qtr 1,February,14,748.5
2024,Qtr 1,February,15,764
2024,Qtr 1,February,16,774.6
2024,Qtr 1,February,19,765
2024,Qtr 1,February,20,763.5
2024,Qtr 1,February,21,777.5
2024,Qtr 1,February,22,773
2024,Qtr 1,February,23,770.5
2024,Qtr 1,February,26,766.35
2024,Qtr 1,February,27,762.35
2024,Qtr 1,February,28,756.75
2024,Qtr 1,February,29,753.9
2024,Qtr 1,March,1,772
2024,Qtr 1,March,2,777
2024,Qtr 1,March,4,777
2024,Qtr 1,March,5,786.95
2024,Qtr 1,March,6,790.3
2024,Qtr 1,March,7,793.4
2024,Qtr 1,March,11,792.8
2024,Qtr 1,March,12,777.75
2024,Qtr 1,March,13,763.7
2024,Qtr 1,March,14,750.8
2024,Qtr 1,March,15,746.55
2024,Qtr 1,March,18,737.9
2024,Qtr 1,March,19,734.35
2024,Qtr 1,March,20,738.95
2024,Qtr 1,March,21,750.6
2024,Qtr 1,March,22,748.8
2024,Qtr 1,March,26,747.85
2024,Qtr 1,March,27,745.85
2024,Qtr 1,March,28,759.55
2024,Qtr 2,April,1,761.5
2024,Qtr 2,April,2,768.75
2024,Qtr 2,April,3,772.6
2024,Qtr 2,April,4,775.3
2024,Qtr 2,April,5,767.7
2024,Qtr 2,April,8,770
2024,Qtr 2,April,9,772.45
2024,Qtr 2,April,10,780.7
2024,Qtr 2,April,12,779.5
2024,Qtr 2,April,15,763.3
2024,Qtr 2,April,16,754.9
2024,Qtr 2,April,18,759.95
2024,Qtr 2,April,19,752
2024,Qtr 2,April,22,769
2024,Qtr 2,April,23,777.7
2024,Qtr 2,April,24,778.5
2024,Qtr 2,April,25,814.4
2024,Qtr 2,April,26,816.9
2024,Qtr 2,April,29,831.25
2024,Qtr 2,April,30,834.85
2024,Qtr 2,May,2,833.9
2024,Qtr 2,May,3,836.2
2024,Qtr 2,May,6,836
2024,Qtr 2,May,7,814.65
2024,Qtr 2,May,8,822
2024,Qtr 2,May,9,839.65
2024,Qtr 2,May,10,832.05
2024,Qtr 2,May,13,819.85
2024,Qtr 2,May,14,822.4
2024,Qtr 2,May,15,825.3
2024,Qtr 2,May,16,826.15
2024,Qtr 2,May,17,822.45
2024,Qtr 2,May,18,823
2024,Qtr 2,May,21,836.3
2024,Qtr 2,May,22,826.65
2024,Qtr 2,May,23,835.5
2024,Qtr 2,May,24,841.25
2024,Qtr 2,May,27,839.4
2024,Qtr 2,May,28,840.7
2024,Qtr 2,May,29,834.45
2024,Qtr 2,May,30,836
2024,Qtr 2,May,31,835
2024,Qtr 2,June,3,912
2024,Qtr 2,June,4,897
2024,Qtr 2,June,5,795
2024,Qtr 2,June,6,833.35
2024,Qtr 2,June,7,831.5
2024,Qtr 2,June,10,845.45
2024,Qtr 2,June,11,839.6
2024,Qtr 2,June,12,845.55
2024,Qtr 2,June,13,845.9
2024,Qtr 2,June,14,849.9
2024,Qtr 2,June,18,851.5
2024,Qtr 2,June,19,860.6
2024,Qtr 2,June,20,853.1
2024,Qtr 2,June,21,848.05
2024,Qtr 2,June,24,836
2024,Qtr 2,June,25,845.85
2024,Qtr 2,June,26,848.8
2024,Qtr 2,June,27,847.4
2024,Qtr 2,June,28,864
2024,Qtr 3,July,1,850.5
2024,Qtr 3,July,2,846.3
2024,Qtr 3,July,3,843.85
2024,Qtr 3,July,4,844.9
2024,Qtr 3,July,5,861.25
2024,Qtr 3,July,8,865
2024,Qtr 3,July,9,869.95
2024,Qtr 3,July,10,860.25
2024,Qtr 3,July,11,858.3
2024,Qtr 3,July,12,863
2024,Qtr 3,July,15,887.35
2024,Qtr 3,July,16,888.1
2024,Qtr 3,July,18,894.9
2024,Qtr 3,July,19,899
2024,Qtr 3,July,22,895
2024,Qtr 3,July,23,884.5
2024,Qtr 3,July,24,868
2024,Qtr 3,July,25,850.75
2024,Qtr 3,July,26,864.25
2024,Qtr 3,July,29,889.1
2024,Qtr 3,July,30,880.55
2024,Qtr 3,July,31,874.95
2024,Qtr 3,August,1,881.4
2024,Qtr 3,August,2,858.3
2024,Qtr 3,August,5,831.35
2024,Qtr 3,August,6,826.55
2024,Qtr 3,August,7,810.7
2024,Qtr 3,August,8,817.8
2024,Qtr 3,August,9,829.95
2024,Qtr 3,August,12,823
2024,Qtr 3,August,13,820
2024,Qtr 3,August,14,809.15
2024,Qtr 3,August,16,814.9
2024,Qtr 3,August,19,825.4
2024,Qtr 3,August,20,823
2024,Qtr 3,August,21,821
2024,Qtr 3,August,22,823.9
2024,Qtr 3,August,23,822
2024,Qtr 3,August,26,823.45
2024,Qtr 3,August,27,819.45
2024,Qtr 3,August,28,817.2
2024,Qtr 3,August,29,816
2024,Qtr 3,August,30,820.7
2024,Qtr 3,September,2,825.4
2024,Qtr 3,September,3,825.95
2024,Qtr 3,September,4,818.65
2024,Qtr 3,September,5,822.15
2024,Qtr 3,September,6,812.9
2024,Qtr 3,September,9,788.2
2024,Qtr 3,September,10,788.8
2024,Qtr 3,September,11,788
2024,Qtr 3,September,12,789.9
2024,Qtr 3,September,13,795
2024,Qtr 3,September,16,795
2024,Qtr 3,September,17,787.5
2024,Qtr 3,September,18,794.75
2024,Qtr 3,September,19,801.35
2024,Qtr 3,September,20,794.85
2024,Qtr 3,September,23,805
2024,Qtr 3,September,24,804.25
2024,Qtr 3,September,25,798
2024,Qtr 3,September,26,803
2024,Qtr 3,September,27,808
2024,Qtr 3,September,30,802.6
2024,Qtr 4,October,1,800.35
2024,Qtr 4,October,3,804
2024,Qtr 4,October,4,809.85
2024,Qtr 4,October,7,804
2024,Qtr 4,October,8,784.4
2024,Qtr 4,October,9,804.35
2024,Qtr 4,October,10,804.45
2024,Qtr 4,October,11,802.7
2024,Qtr 4,October,14,809.25
2024,Qtr 4,October,15,807.5
2024,Qtr 4,October,16,809
2024,Qtr 4,October,17,819.5
2024,Qtr 4,October,18,822.6
2024,Qtr 4,October,21,826.45
2024,Qtr 4,October,22,816.85
2024,Qtr 4,October,23,792.6
2024,Qtr 4,October,24,797
2024,Qtr 4,October,25,800.75
2024,Qtr 4,October,28,803.95
2024,Qtr 4,October,29,834.85
2024,Qtr 4,October,30,833
2024,Qtr 4,October,31,828
2024,Qtr 4,November,1,825.6
2024,Qtr 4,November,4,837.5
2024,Qtr 4,November,5,851.4
2024,Qtr 4,November,6,861.4
2024,Qtr 4,November,7,862.4
2024,Qtr 4,November,8,863.5
2024,Qtr 4,November,11,854
2024,Qtr 4,November,12,853.4
2024,Qtr 4,November,13,831.75
2024,Qtr 4,November,14,818
2024,Qtr 4,November,18,816.7
2024,Qtr 4,November,19,820.3
2024,Qtr 4,November,21,798.5
2024,Qtr 4,November,22,819.95
2024,Qtr 4,November,25,849.6
2024,Qtr 4,November,26,846.7
2024,Qtr 4,November,27,842.5
2024,Qtr 4,November,28,845.8
2024,Qtr 4,November,29,844.05
2024,Qtr 4,December,2,842
2024,Qtr 4,December,3,856.6
2024,Qtr 4,December,4,864
2024,Qtr 4,December,5,871.45
2024,Qtr 4,December,6,875.45
2024,Qtr 4,December,9,866.85
2024,Qtr 4,December,10,868.95
2024,Qtr 4,December,11,869.85
2024,Qtr 4,December,12,864.3
2024,Qtr 4,December,13,862.9
2024,Qtr 4,December,16,866.4
2024,Qtr 4,December,17,862.6
2024,Qtr 4,December,18,852
2024,Qtr 4,December,19,838
2024,Qtr 4,December,20,836
2024,Qtr 4,December,23,824
2024,Qtr 4,December,24,826.2
2024,Qtr 4,December,26,822.85
2024,Qtr 4,December,27,818.3
2024,Qtr 4,December,30,807.95
2024,Qtr 4,December,31,799.2
2025,Qtr 1,January,1,798.65
2025,Qtr 1,January,2,802.4
2025,Qtr 1,January,3,809.5
2025,Qtr 1,January,6,797.6
2025,Qtr 1,January,7,783.85
2025,Qtr 1,January,8,783.95
2025,Qtr 1,January,9,771.35
2025,Qtr 1,January,10,763.4
2025,Qtr 1,January,13,743.95
2025,Qtr 1,January,14,757
2025,Qtr 1,January,15,758.9
2025,Qtr 1,January,16,776.7
2025,Qtr 1,January,17,767.95
2025,Qtr 1,January,20,785
2025,Qtr 1,January,21,784.9
2025,Qtr 1,January,22,763
2025,Qtr 1,January,23,755.65
2025,Qtr 1,January,24,753.7
2025,Qtr 1,January,27,755.35
2025,Qtr 1,January,28,759.75
2025,Qtr 1,January,29,760.8
2025,Qtr 1,January,30,765
2025,Qtr 1,January,31,777.55
2025,Qtr 1,February,1,778.75
