﻿Year,Quarter,Month,Day,Average of Low
2022,Qtr 1,February,1,520
2022,Qtr 1,February,2,531.35
2022,Qtr 1,February,3,537.15
2022,Qtr 1,February,4,527.3
2022,Qtr 1,February,7,525.25
2022,Qtr 1,February,8,519
2022,Qtr 1,February,9,527.75
2022,Qtr 1,February,10,534.4
2022,Qtr 1,February,11,527.1
2022,Qtr 1,February,14,499.7
2022,Qtr 1,February,15,497.1
2022,Qtr 1,February,16,514
2022,Qtr 1,February,17,511.15
2022,Qtr 1,February,18,510.1
2022,Qtr 1,February,21,504.65
2022,Qtr 1,February,22,495.5
2022,Qtr 1,February,23,497.25
2022,Qtr 1,February,24,468
2022,Qtr 1,February,25,479.3
2022,Qtr 1,February,28,473.1
2022,Qtr 1,March,2,467
2022,Qtr 1,March,3,464.6
2022,Qtr 1,March,4,457.65
2022,Qtr 1,March,7,433.45
2022,Qtr 1,March,8,425
2022,Qtr 1,March,9,438.55
2022,Qtr 1,March,10,461.65
2022,Qtr 1,March,11,462
2022,Qtr 1,March,14,470.55
2022,Qtr 1,March,15,480.65
2022,Qtr 1,March,16,489.4
2022,Qtr 1,March,17,498.3
2022,Qtr 1,March,21,489
2022,Qtr 1,March,22,477.25
2022,Qtr 1,March,23,489.2
2022,Qtr 1,March,24,483.5
2022,Qtr 1,March,25,486.6
2022,Qtr 1,March,28,481.95
2022,Qtr 1,March,29,491.7
2022,Qtr 1,March,30,492.3
2022,Qtr 1,March,31,492.2
2022,Qtr 2,April,1,491
2022,Qtr 2,April,4,506
2022,Qtr 2,April,5,507.7
2022,Qtr 2,April,6,506
2022,Qtr 2,April,7,510.05
2022,Qtr 2,April,8,512.35
2022,Qtr 2,April,11,513.2
2022,Qtr 2,April,12,504.35
2022,Qtr 2,April,13,513.75
2022,Qtr 2,April,18,504
2022,Qtr 2,April,19,505.1
2022,Qtr 2,April,20,507
2022,Qtr 2,April,21,512.2
2022,Qtr 2,April,22,499
2022,Qtr 2,April,25,490.05
2022,Qtr 2,April,26,498.45
2022,Qtr 2,April,27,491.85
2022,Qtr 2,April,28,496.5
2022,Qtr 2,April,29,494
2022,Qtr 2,May,2,481.3
2022,Qtr 2,May,4,477.5
2022,Qtr 2,May,5,478.65
2022,Qtr 2,May,6,471
2022,Qtr 2,May,9,473.8
2022,Qtr 2,May,10,473.5
2022,Qtr 2,May,11,463.65
2022,Qtr 2,May,12,456.35
2022,Qtr 2,May,13,439.75
2022,Qtr 2,May,16,438.85
2022,Qtr 2,May,17,456.15
2022,Qtr 2,May,18,457.1
2022,Qtr 2,May,19,444.45
2022,Qtr 2,May,20,454.15
2022,Qtr 2,May,23,459.5
2022,Qtr 2,May,24,460.2
2022,Qtr 2,May,25,452.05
2022,Qtr 2,May,26,452.5
2022,Qtr 2,May,27,467.5
2022,Qtr 2,May,30,471.1
2022,Qtr 2,May,31,465
2022,Qtr 2,June,1,464.7
2022,Qtr 2,June,2,466.15
2022,Qtr 2,June,3,463.5
2022,Qtr 2,June,6,456.5
2022,Qtr 2,June,7,460.5
2022,Qtr 2,June,8,463.2
2022,Qtr 2,June,9,462.45
2022,Qtr 2,June,10,458.6
2022,Qtr 2,June,13,442.1
2022,Qtr 2,June,14,443.35
2022,Qtr 2,June,15,448.6
2022,Qtr 2,June,16,440.15
2022,Qtr 2,June,17,437.25
2022,Qtr 2,June,20,430.7
2022,Qtr 2,June,21,437.6
2022,Qtr 2,June,22,444.65
2022,Qtr 2,June,23,446
2022,Qtr 2,June,24,453.2
2022,Qtr 2,June,27,458.05
2022,Qtr 2,June,28,458
2022,Qtr 2,June,29,458
2022,Qtr 2,June,30,458.6
2022,Qtr 3,July,1,460.55
2022,Qtr 3,July,4,466.85
2022,Qtr 3,July,5,471
2022,Qtr 3,July,6,473.9
2022,Qtr 3,July,7,481.6
2022,Qtr 3,July,8,485.15
2022,Qtr 3,July,11,485
2022,Qtr 3,July,12,483.1
2022,Qtr 3,July,13,484.55
2022,Qtr 3,July,14,476.8
2022,Qtr 3,July,15,474.7
2022,Qtr 3,July,18,482.1
2022,Qtr 3,July,19,488
2022,Qtr 3,July,20,500.4
2022,Qtr 3,July,21,506.75
2022,Qtr 3,July,22,511.2
2022,Qtr 3,July,25,509.15
2022,Qtr 3,July,26,513.1
2022,Qtr 3,July,27,512.25
2022,Qtr 3,July,28,529.55
2022,Qtr 3,July,29,526.75
2022,Qtr 3,August,1,526.4
2022,Qtr 3,August,2,531.1
2022,Qtr 3,August,3,534.65
2022,Qtr 3,August,4,524.2
2022,Qtr 3,August,5,529
2022,Qtr 3,August,8,513.85
2022,Qtr 3,August,10,513.4
2022,Qtr 3,August,11,517.2
2022,Qtr 3,August,12,525.15
2022,Qtr 3,August,16,525
2022,Qtr 3,August,17,524.35
2022,Qtr 3,August,18,526.2
2022,Qtr 3,August,19,518.5
2022,Qtr 3,August,22,510
2022,Qtr 3,August,23,508.25
2022,Qtr 3,August,24,512.3
2022,Qtr 3,August,25,518.5
2022,Qtr 3,August,26,522.2
2022,Qtr 3,August,29,508.75
2022,Qtr 3,August,30,517.95
2022,Qtr 3,September,1,522.25
2022,Qtr 3,September,2,531.25
2022,Qtr 3,September,5,536.3
2022,Qtr 3,September,6,534.1
2022,Qtr 3,September,7,531.55
2022,Qtr 3,September,8,535.5
2022,Qtr 3,September,9,548
2022,Qtr 3,September,12,551.25
2022,Qtr 3,September,13,553.75
2022,Qtr 3,September,14,549.25
2022,Qtr 3,September,15,567.9
2022,Qtr 3,September,16,560.3
2022,Qtr 3,September,19,559.55
2022,Qtr 3,September,20,572.85
2022,Qtr 3,September,21,565.4
2022,Qtr 3,September,22,562
2022,Qtr 3,September,23,549.5
2022,Qtr 3,September,26,533
2022,Qtr 3,September,27,533.2
2022,Qtr 3,September,28,520.35
2022,Qtr 3,September,29,519.55
2022,Qtr 3,September,30,516.15
2022,Qtr 4,October,3,518.5
2022,Qtr 4,October,4,527.8
2022,Qtr 4,October,6,534.6
2022,Qtr 4,October,7,526.55
2022,Qtr 4,October,10,522.2
2022,Qtr 4,October,11,525.5
2022,Qtr 4,October,12,526
2022,Qtr 4,October,13,520.2
2022,Qtr 4,October,14,526
2022,Qtr 4,October,17,524.2
2022,Qtr 4,October,18,546.75
2022,Qtr 4,October,19,551.55
2022,Qtr 4,October,20,545.3
2022,Qtr 4,October,21,557.25
2022,Qtr 4,October,24,565.9
2022,Qtr 4,October,25,568
2022,Qtr 4,October,27,577.6
2022,Qtr 4,October,28,567
2022,Qtr 4,October,31,568.4
2022,Qtr 4,November,1,574.6
2022,Qtr 4,November,2,569.9
2022,Qtr 4,November,3,568
2022,Qtr 4,November,4,580.4
2022,Qtr 4,November,7,607.7
2022,Qtr 4,November,9,610.55
2022,Qtr 4,November,10,602.2
2022,Qtr 4,November,11,598.5
2022,Qtr 4,November,14,591.65
2022,Qtr 4,November,15,592.65
2022,Qtr 4,November,16,596
2022,Qtr 4,November,17,596.15
2022,Qtr 4,November,18,597.15
2022,Qtr 4,November,21,595.35
2022,Qtr 4,November,22,596.15
2022,Qtr 4,November,23,601
2022,Qtr 4,November,24,605.8
2022,Qtr 4,November,25,606.25
2022,Qtr 4,November,28,602.35
2022,Qtr 4,November,29,607.1
2022,Qtr 4,November,30,598.4
2022,Qtr 4,December,1,601.55
2022,Qtr 4,December,2,604.25
2022,Qtr 4,December,5,607.55
2022,Qtr 4,December,6,607.8
2022,Qtr 4,December,7,604.5
2022,Qtr 4,December,8,607.15
2022,Qtr 4,December,9,609.1
2022,Qtr 4,December,12,611
2022,Qtr 4,December,13,612.5
2022,Qtr 4,December,14,617.5
2022,Qtr 4,December,15,614.3
2022,Qtr 4,December,16,602.1
2022,Qtr 4,December,19,603
2022,Qtr 4,December,20,599.55
2022,Qtr 4,December,21,589.6
2022,Qtr 4,December,22,587.55
2022,Qtr 4,December,23,571.5
2022,Qtr 4,December,26,570.7
2022,Qtr 4,December,27,593.3
2022,Qtr 4,December,28,598.55
2022,Qtr 4,December,29,597.15
2022,Qtr 4,December,30,611.35
2023,Qtr 1,January,2,611.2
2023,Qtr 1,January,3,610
2023,Qtr 1,January,4,604
2023,Qtr 1,January,5,601.95
2023,Qtr 1,January,6,597
2023,Qtr 1,January,9,600.1
2023,Qtr 1,January,10,590.6
2023,Qtr 1,January,11,592.25
2023,Qtr 1,January,12,590.1
2023,Qtr 1,January,13,593.65
2023,Qtr 1,January,16,600.6
2023,Qtr 1,January,17,586.05
2023,Qtr 1,January,18,587.6
2023,Qtr 1,January,19,587.55
2023,Qtr 1,January,20,590.8
2023,Qtr 1,January,23,592.95
2023,Qtr 1,January,24,593.05
2023,Qtr 1,January,25,567.4
2023,Qtr 1,January,27,532.25
2023,Qtr 1,January,30,525.2
2023,Qtr 1,January,31,537.85
2023,Qtr 1,February,1,499.35
2023,Qtr 1,February,2,502.5
2023,Qtr 1,February,3,519.15
2023,Qtr 1,February,6,536.55
2023,Qtr 1,February,7,541.05
2023,Qtr 1,February,8,545.5
2023,Qtr 1,February,9,542.8
2023,Qtr 1,February,10,546.5
2023,Qtr 1,February,13,533.3
2023,Qtr 1,February,14,530.75
2023,Qtr 1,February,15,536.8
2023,Qtr 1,February,16,538.5
2023,Qtr 1,February,17,527.75
2023,Qtr 1,February,20,522.15
2023,Qtr 1,February,21,522.4
2023,Qtr 1,February,22,512.5
2023,Qtr 1,February,23,511.35
2023,Qtr 1,February,24,517.6
2023,Qtr 1,February,27,519
2023,Qtr 1,February,28,521.05
2023,Qtr 1,March,1,523.1
2023,Qtr 1,March,2,532.5
2023,Qtr 1,March,3,541.75
2023,Qtr 1,March,6,559
2023,Qtr 1,March,8,556.45
2023,Qtr 1,March,9,558
2023,Qtr 1,March,10,545
2023,Qtr 1,March,13,528.45
2023,Qtr 1,March,14,520
2023,Qtr 1,March,15,515.55
2023,Qtr 1,March,16,514.3
2023,Qtr 1,March,17,520.1
2023,Qtr 1,March,20,515
2023,Qtr 1,March,21,516.45
2023,Qtr 1,March,22,520.1
2023,Qtr 1,March,23,511.5
2023,Qtr 1,March,24,503.45
2023,Qtr 1,March,27,501.55
2023,Qtr 1,March,28,503.85
2023,Qtr 1,March,29,506.3
2023,Qtr 1,March,31,519.35
2023,Qtr 2,April,3,522.1
2023,Qtr 2,April,5,519.05
2023,Qtr 2,April,6,521.65
2023,Qtr 2,April,10,524.4
2023,Qtr 2,April,11,527.15
2023,Qtr 2,April,12,526
2023,Qtr 2,April,13,527.15
2023,Qtr 2,April,17,528
2023,Qtr 2,April,18,540.5
2023,Qtr 2,April,19,538.25
2023,Qtr 2,April,20,536.65
2023,Qtr 2,April,21,539.7
2023,Qtr 2,April,24,543.5
2023,Qtr 2,April,25,555
2023,Qtr 2,April,26,556.45
2023,Qtr 2,April,27,561.1
2023,Qtr 2,April,28,565.5
2023,Qtr 2,May,2,573.15
2023,Qtr 2,May,3,569
2023,Qtr 2,May,4,568.5
2023,Qtr 2,May,5,575.05
2023,Qtr 2,May,8,577.35
2023,Qtr 2,May,9,572.1
2023,Qtr 2,May,10,563.25
2023,Qtr 2,May,11,572
2023,Qtr 2,May,12,571.55
2023,Qtr 2,May,15,574.65
2023,Qtr 2,May,16,582
2023,Qtr 2,May,17,579.5
2023,Qtr 2,May,18,571.4
2023,Qtr 2,May,19,569.9
2023,Qtr 2,May,22,573.45
2023,Qtr 2,May,23,576.8
2023,Qtr 2,May,24,578.25
2023,Qtr 2,May,25,577
2023,Qtr 2,May,26,580.55
2023,Qtr 2,May,29,588.05
2023,Qtr 2,May,30,591.5
2023,Qtr 2,May,31,577.5
2023,Qtr 2,June,1,581
2023,Qtr 2,June,2,583
2023,Qtr 2,June,5,586
2023,Qtr 2,June,6,583
2023,Qtr 2,June,7,586
2023,Qtr 2,June,8,586.35
2023,Qtr 2,June,9,576.75
2023,Qtr 2,June,12,577.7
2023,Qtr 2,June,13,574.25
2023,Qtr 2,June,14,575.25
2023,Qtr 2,June,15,565.25
2023,Qtr 2,June,16,567.05
2023,Qtr 2,June,19,565.9
2023,Qtr 2,June,20,562.55
2023,Qtr 2,June,21,565.65
2023,Qtr 2,June,22,561.05
2023,Qtr 2,June,23,553.8
2023,Qtr 2,June,26,554.5
2023,Qtr 2,June,27,555.65
2023,Qtr 2,June,28,568.55
2023,Qtr 2,June,30,570.2
2023,Qtr 3,July,3,573.9
2023,Qtr 3,July,4,582.25
2023,Qtr 3,July,5,588.2
2023,Qtr 3,July,6,589.1
2023,Qtr 3,July,7,585.5
2023,Qtr 3,July,10,590.25
2023,Qtr 3,July,11,587.35
2023,Qtr 3,July,12,588.2
2023,Qtr 3,July,13,583.35
2023,Qtr 3,July,14,580.7
2023,Qtr 3,July,17,584.2
2023,Qtr 3,July,18,588.75
2023,Qtr 3,July,19,592
2023,Qtr 3,July,20,598.75
2023,Qtr 3,July,21,609
2023,Qtr 3,July,24,614.3
2023,Qtr 3,July,25,604.2
2023,Qtr 3,July,26,609.15
2023,Qtr 3,July,27,613.1
2023,Qtr 3,July,28,613.6
2023,Qtr 3,July,31,614.5
2023,Qtr 3,August,1,610.6
2023,Qtr 3,August,2,594.1
2023,Qtr 3,August,3,585
2023,Qtr 3,August,4,571.4
2023,Qtr 3,August,7,566.65
2023,Qtr 3,August,8,568.45
2023,Qtr 3,August,9,568.35
2023,Qtr 3,August,10,570.1
2023,Qtr 3,August,11,572
2023,Qtr 3,August,14,558.6
2023,Qtr 3,August,16,554
2023,Qtr 3,August,17,564
2023,Qtr 3,August,18,567.4
2023,Qtr 3,August,21,570.75
2023,Qtr 3,August,22,567.5
2023,Qtr 3,August,23,566
2023,Qtr 3,August,24,575.55
2023,Qtr 3,August,25,567.2
2023,Qtr 3,August,28,569.2
2023,Qtr 3,August,29,571.85
2023,Qtr 3,August,30,566.1
2023,Qtr 3,August,31,559.4
2023,Qtr 3,September,1,562.1
2023,Qtr 3,September,4,568.45
2023,Qtr 3,September,5,571.35
2023,Qtr 3,September,6,568
2023,Qtr 3,September,7,568
2023,Qtr 3,September,8,579.7
2023,Qtr 3,September,11,585.35
2023,Qtr 3,September,12,584.65
2023,Qtr 3,September,13,583.45
2023,Qtr 3,September,14,595.2
2023,Qtr 3,September,15,595.2
2023,Qtr 3,September,18,597.05
2023,Qtr 3,September,20,599.4
2023,Qtr 3,September,21,584.65
2023,Qtr 3,September,22,591.4
2023,Qtr 3,September,25,590.45
2023,Qtr 3,September,26,591.25
2023,Qtr 3,September,27,588.2
2023,Qtr 3,September,28,588.85
2023,Qtr 3,September,29,591.3
2023,Qtr 4,October,3,589.6
2023,Qtr 4,October,4,584.45
2023,Qtr 4,October,5,587.1
2023,Qtr 4,October,6,592.2
2023,Qtr 4,October,9,581.55
2023,Qtr 4,October,10,585.75
2023,Qtr 4,October,11,587.6
2023,Qtr 4,October,12,585
2023,Qtr 4,October,13,574.8
2023,Qtr 4,October,16,571.5
2023,Qtr 4,October,17,575.3
2023,Qtr 4,October,18,569.35
2023,Qtr 4,October,19,567
2023,Qtr 4,October,20,562.1
2023,Qtr 4,October,23,551
2023,Qtr 4,October,25,553.6
2023,Qtr 4,October,26,543.2
2023,Qtr 4,October,27,550
2023,Qtr 4,October,30,556.5
2023,Qtr 4,October,31,563.15
2023,Qtr 4,November,1,563.85
2023,Qtr 4,November,2,567.6
2023,Qtr 4,November,3,573.45
2023,Qtr 4,November,6,573.25
2023,Qtr 4,November,7,572.6
2023,Qtr 4,November,8,579
2023,Qtr 4,November,9,576.5
2023,Qtr 4,November,10,575.4
2023,Qtr 4,November,12,580.45
2023,Qtr 4,November,13,575.2
2023,Qtr 4,November,15,582.6
2023,Qtr 4,November,16,582.9
2023,Qtr 4,November,17,562.1
2023,Qtr 4,November,20,560.6
2023,Qtr 4,November,21,561
2023,Qtr 4,November,22,555.15
2023,Qtr 4,November,23,558.3
2023,Qtr 4,November,24,559.25
2023,Qtr 4,November,28,561.1
2023,Qtr 4,November,29,565.1
2023,Qtr 4,November,30,563.65
2023,Qtr 4,December,1,566.55
2023,Qtr 4,December,4,584.55
2023,Qtr 4,December,5,595.05
2023,Qtr 4,December,6,604.55
2023,Qtr 4,December,7,605
2023,Qtr 4,December,8,605.35
2023,Qtr 4,December,11,613.1
2023,Qtr 4,December,12,610.8
2023,Qtr 4,December,13,611.65
2023,Qtr 4,December,14,622.4
2023,Qtr 4,December,15,619.85
2023,Qtr 4,December,18,642.4
2023,Qtr 4,December,19,640.25
2023,Qtr 4,December,20,633.95
2023,Qtr 4,December,21,627.5
2023,Qtr 4,December,22,635.15
2023,Qtr 4,December,26,635.65
2023,Qtr 4,December,27,639
2023,Qtr 4,December,28,646.5
2023,Qtr 4,December,29,639.55
2024,Qtr 1,January,1,638
2024,Qtr 1,January,2,633.85
2024,Qtr 1,January,3,635.8
2024,Qtr 1,January,4,638.65
2024,Qtr 1,January,5,637.75
2024,Qtr 1,January,8,625.05
2024,Qtr 1,January,9,624.5
2024,Qtr 1,January,10,618.2
2024,Qtr 1,January,11,618.5
2024,Qtr 1,January,12,621.1
2024,Qtr 1,January,15,636.1
2024,Qtr 1,January,16,633.45
2024,Qtr 1,January,17,623
2024,Qtr 1,January,18,619.05
2024,Qtr 1,January,19,624.7
2024,Qtr 1,January,20,624.1
2024,Qtr 1,January,23,600.65
2024,Qtr 1,January,24,603.1
2024,Qtr 1,January,25,606.25
2024,Qtr 1,January,29,615.6
2024,Qtr 1,January,30,624.2
2024,Qtr 1,January,31,622
2024,Qtr 1,February,1,633.25
2024,Qtr 1,February,2,646.7
2024,Qtr 1,February,5,638.75
2024,Qtr 1,February,6,637.7
2024,Qtr 1,February,7,655
2024,Qtr 1,February,8,678.5
2024,Qtr 1,February,9,694.2
2024,Qtr 1,February,12,704.5
2024,Qtr 1,February,13,702.15
2024,Qtr 1,February,14,705.55
2024,Qtr 1,February,15,741.65
2024,Qtr 1,February,16,753.35
2024,Qtr 1,February,19,750
2024,Qtr 1,February,20,754
2024,Qtr 1,February,21,759.6
2024,Qtr 1,February,22,757
2024,Qtr 1,February,23,755
2024,Qtr 1,February,26,752.7
2024,Qtr 1,February,27,742.2
2024,Qtr 1,February,28,741
2024,Qtr 1,February,29,737.15
2024,Qtr 1,March,1,751.95
2024,Qtr 1,March,2,769
2024,Qtr 1,March,4,769
2024,Qtr 1,March,5,769.1
2024,Qtr 1,March,6,772.9
2024,Qtr 1,March,7,783
2024,Qtr 1,March,11,770.55
2024,Qtr 1,March,12,757.35
2024,Qtr 1,March,13,743
2024,Qtr 1,March,14,734.05
2024,Qtr 1,March,15,723
2024,Qtr 1,March,18,722.1
2024,Qtr 1,March,19,721.15
2024,Qtr 1,March,20,719.8
2024,Qtr 1,March,21,740.55
2024,Qtr 1,March,22,741.4
2024,Qtr 1,March,26,738.5
2024,Qtr 1,March,27,730.2
2024,Qtr 1,March,28,736.9
2024,Qtr 2,April,1,752.1
2024,Qtr 2,April,2,753.35
2024,Qtr 2,April,3,760.15
2024,Qtr 2,April,4,758.1
2024,Qtr 2,April,5,752.6
2024,Qtr 2,April,8,761.8
2024,Qtr 2,April,9,761.1
2024,Qtr 2,April,10,763.65
2024,Qtr 2,April,12,764.8
2024,Qtr 2,April,15,748.75
2024,Qtr 2,April,16,744.4
2024,Qtr 2,April,18,742
2024,Qtr 2,April,19,732.05
2024,Qtr 2,April,22,750.45
2024,Qtr 2,April,23,765.55
2024,Qtr 2,April,24,770.2
2024,Qtr 2,April,25,769.65
2024,Qtr 2,April,26,798.9
2024,Qtr 2,April,29,798.7
2024,Qtr 2,April,30,819.9
2024,Qtr 2,May,2,825
2024,Qtr 2,May,3,820
2024,Qtr 2,May,6,803
2024,Qtr 2,May,7,793.2
2024,Qtr 2,May,8,799.5
2024,Qtr 2,May,9,803.55
2024,Qtr 2,May,10,815.6
2024,Qtr 2,May,13,798.6
2024,Qtr 2,May,14,807.9
2024,Qtr 2,May,15,818.05
2024,Qtr 2,May,16,797.35
2024,Qtr 2,May,17,811.2
2024,Qtr 2,May,18,819.2
2024,Qtr 2,May,21,819.6
2024,Qtr 2,May,22,813.55
2024,Qtr 2,May,23,822
2024,Qtr 2,May,24,827
2024,Qtr 2,May,27,823
2024,Qtr 2,May,28,823.3
2024,Qtr 2,May,29,819.3
2024,Qtr 2,May,30,819.3
2024,Qtr 2,May,31,817.1
2024,Qtr 2,June,3,856.75
2024,Qtr 2,June,4,731.95
2024,Qtr 2,June,5,744.05
2024,Qtr 2,June,6,796
2024,Qtr 2,June,7,810.5
2024,Qtr 2,June,10,829.2
2024,Qtr 2,June,11,829.05
2024,Qtr 2,June,12,833
2024,Qtr 2,June,13,836.1
2024,Qtr 2,June,14,835.1
2024,Qtr 2,June,18,840.25
2024,Qtr 2,June,19,841
2024,Qtr 2,June,20,842.35
2024,Qtr 2,June,21,828.6
2024,Qtr 2,June,24,821.05
2024,Qtr 2,June,25,834.3
2024,Qtr 2,June,26,836
2024,Qtr 2,June,27,838.25
2024,Qtr 2,June,28,844
2024,Qtr 3,July,1,839.95
2024,Qtr 3,July,2,823.15
2024,Qtr 3,July,3,825
2024,Qtr 3,July,4,834.3
2024,Qtr 3,July,5,837
2024,Qtr 3,July,8,853.5
2024,Qtr 3,July,9,856
2024,Qtr 3,July,10,843.5
2024,Qtr 3,July,11,849.75
2024,Qtr 3,July,12,855.3
2024,Qtr 3,July,15,859.7
2024,Qtr 3,July,16,874.3
2024,Qtr 3,July,18,877.5
2024,Qtr 3,July,19,883.3
2024,Qtr 3,July,22,868
2024,Qtr 3,July,23,849.1
2024,Qtr 3,July,24,847.2
2024,Qtr 3,July,25,841.2
2024,Qtr 3,July,26,844
2024,Qtr 3,July,29,863.2
2024,Qtr 3,July,30,869
2024,Qtr 3,July,31,868
2024,Qtr 3,August,1,859.45
2024,Qtr 3,August,2,846.15
2024,Qtr 3,August,5,800
2024,Qtr 3,August,6,795.65
2024,Qtr 3,August,7,800.55
2024,Qtr 3,August,8,802.8
2024,Qtr 3,August,9,809.55
2024,Qtr 3,August,12,811.2
2024,Qtr 3,August,13,795.05
2024,Qtr 3,August,14,800.4
2024,Qtr 3,August,16,803
2024,Qtr 3,August,19,812.6
2024,Qtr 3,August,20,813.35
2024,Qtr 3,August,21,811.2
2024,Qtr 3,August,22,817.1
2024,Qtr 3,August,23,814.5
2024,Qtr 3,August,26,813.8
2024,Qtr 3,August,27,811.05
2024,Qtr 3,August,28,806.5
2024,Qtr 3,August,29,806.95
2024,Qtr 3,August,30,814.35
2024,Qtr 3,September,2,813.05
2024,Qtr 3,September,3,816.4
2024,Qtr 3,September,4,813.65
2024,Qtr 3,September,5,814.4
2024,Qtr 3,September,6,777
2024,Qtr 3,September,9,771
2024,Qtr 3,September,10,777.5
2024,Qtr 3,September,11,765.4
2024,Qtr 3,September,12,772.75
2024,Qtr 3,September,13,785.1
2024,Qtr 3,September,16,784.4
2024,Qtr 3,September,17,780.55
2024,Qtr 3,September,18,782
2024,Qtr 3,September,19,784.05
2024,Qtr 3,September,20,779.5
2024,Qtr 3,September,23,784.5
2024,Qtr 3,September,24,796.5
2024,Qtr 3,September,25,788.7
2024,Qtr 3,September,26,791.6
2024,Qtr 3,September,27,798.45
2024,Qtr 3,September,30,786.45
2024,Qtr 4,October,1,788
2024,Qtr 4,October,3,784.3
2024,Qtr 4,October,4,785.25
2024,Qtr 4,October,7,765.4
2024,Qtr 4,October,8,772.25
2024,Qtr 4,October,9,782.05
2024,Qtr 4,October,10,795
2024,Qtr 4,October,11,793
2024,Qtr 4,October,14,800.8
2024,Qtr 4,October,15,801.6
2024,Qtr 4,October,16,802.05
2024,Qtr 4,October,17,806
2024,Qtr 4,October,18,802.9
2024,Qtr 4,October,21,809
2024,Qtr 4,October,22,787.5
2024,Qtr 4,October,23,779.8
2024,Qtr 4,October,24,784.65
2024,Qtr 4,October,25,772
2024,Qtr 4,October,28,783.55
2024,Qtr 4,October,29,790.5
2024,Qtr 4,October,30,821.05
2024,Qtr 4,October,31,813.55
2024,Qtr 4,November,1,818.9
2024,Qtr 4,November,4,807.1
2024,Qtr 4,November,5,826.25
2024,Qtr 4,November,6,846.2
2024,Qtr 4,November,7,846.7
2024,Qtr 4,November,8,834.2
2024,Qtr 4,November,11,842
2024,Qtr 4,November,12,824.3
2024,Qtr 4,November,13,804.65
2024,Qtr 4,November,14,801.05
2024,Qtr 4,November,18,799.25
2024,Qtr 4,November,19,800.1
2024,Qtr 4,November,21,761.55
2024,Qtr 4,November,22,784.05
2024,Qtr 4,November,25,825.65
2024,Qtr 4,November,26,835.55
2024,Qtr 4,November,27,832.1
2024,Qtr 4,November,28,830.5
2024,Qtr 4,November,29,831.55
2024,Qtr 4,December,2,832.7
2024,Qtr 4,December,3,836.9
2024,Qtr 4,December,4,850.3
2024,Qtr 4,December,5,855.6
2024,Qtr 4,December,6,857
2024,Qtr 4,December,9,856.95
2024,Qtr 4,December,10,858.05
2024,Qtr 4,December,11,860.95
2024,Qtr 4,December,12,851.15
2024,Qtr 4,December,13,835
2024,Qtr 4,December,16,857.8
2024,Qtr 4,December,17,847.05
2024,Qtr 4,December,18,837
2024,Qtr 4,December,19,820.2
2024,Qtr 4,December,20,810
2024,Qtr 4,December,23,812.2
2024,Qtr 4,December,24,809.2
2024,Qtr 4,December,26,808
2024,Qtr 4,December,27,797.2
2024,Qtr 4,December,30,785
2024,Qtr 4,December,31,786
2025,Qtr 1,January,1,789.5
2025,Qtr 1,January,2,787
2025,Qtr 1,January,3,792.15
2025,Qtr 1,January,6,773.15
2025,Qtr 1,January,7,774.85
2025,Qtr 1,January,8,760.1
2025,Qtr 1,January,9,726.25
2025,Qtr 1,January,10,742.05
2025,Qtr 1,January,13,722.5
2025,Qtr 1,January,14,732.95
2025,Qtr 1,January,15,750
2025,Qtr 1,January,16,760.4
2025,Qtr 1,January,17,759.4
2025,Qtr 1,January,20,767.85
2025,Qtr 1,January,21,756.05
2025,Qtr 1,January,22,738
2025,Qtr 1,January,23,743.1
2025,Qtr 1,January,24,739
2025,Qtr 1,January,27,735.9
2025,Qtr 1,January,28,745.4
2025,Qtr 1,January,29,749.8
2025,Qtr 1,January,30,754.75
2025,Qtr 1,January,31,759.5
2025,Qtr 1,February,1,752.15
