﻿Year,Quarter,Month,Day,Average of Open
2022,Qtr 1,February,1,543.95
2022,Qtr 1,February,2,536.65
2022,Qtr 1,February,3,537.15
2022,Qtr 1,February,4,542.15
2022,Qtr 1,February,7,531.9
2022,Qtr 1,February,8,535.5
2022,Qtr 1,February,9,534.95
2022,Qtr 1,February,10,537.1
2022,Qtr 1,February,11,536.25
2022,Qtr 1,February,14,515
2022,Qtr 1,February,15,502
2022,Qtr 1,February,16,526.5
2022,Qtr 1,February,17,520
2022,Qtr 1,February,18,510.1
2022,Qtr 1,February,21,511.55
2022,Qtr 1,February,22,500.9
2022,Qtr 1,February,23,503
2022,Qtr 1,February,24,480
2022,Qtr 1,February,25,480
2022,Qtr 1,February,28,476.9
2022,Qtr 1,March,2,478
2022,Qtr 1,March,3,480
2022,Qtr 1,March,4,460.3
2022,Qtr 1,March,7,447.5
2022,Qtr 1,March,8,438
2022,Qtr 1,March,9,442
2022,Qtr 1,March,10,469.9
2022,Qtr 1,March,11,466.4
2022,Qtr 1,March,14,471
2022,Qtr 1,March,15,489
2022,Qtr 1,March,16,493
2022,Qtr 1,March,17,499
2022,Qtr 1,March,21,502
2022,Qtr 1,March,22,490.6
2022,Qtr 1,March,23,498.5
2022,Qtr 1,March,24,485
2022,Qtr 1,March,25,491.75
2022,Qtr 1,March,28,490.95
2022,Qtr 1,March,29,500
2022,Qtr 1,March,30,499.3
2022,Qtr 1,March,31,494.3
2022,Qtr 2,April,1,491
2022,Qtr 2,April,4,509.3
2022,Qtr 2,April,5,514.4
2022,Qtr 2,April,6,507
2022,Qtr 2,April,7,510.05
2022,Qtr 2,April,8,519.5
2022,Qtr 2,April,11,513.5
2022,Qtr 2,April,12,512.75
2022,Qtr 2,April,13,514.3
2022,Qtr 2,April,18,512
2022,Qtr 2,April,19,513.25
2022,Qtr 2,April,20,512
2022,Qtr 2,April,21,513.4
2022,Qtr 2,April,22,512.9
2022,Qtr 2,April,25,495
2022,Qtr 2,April,26,499
2022,Qtr 2,April,27,500
2022,Qtr 2,April,28,499.15
2022,Qtr 2,April,29,508.1
2022,Qtr 2,May,2,492.65
2022,Qtr 2,May,4,492
2022,Qtr 2,May,5,485
2022,Qtr 2,May,6,471
2022,Qtr 2,May,9,477.1
2022,Qtr 2,May,10,477
2022,Qtr 2,May,11,475.25
2022,Qtr 2,May,12,473
2022,Qtr 2,May,13,469.45
2022,Qtr 2,May,16,445
2022,Qtr 2,May,17,458.3
2022,Qtr 2,May,18,467.9
2022,Qtr 2,May,19,449.05
2022,Qtr 2,May,20,454.85
2022,Qtr 2,May,23,463.1
2022,Qtr 2,May,24,462.4
2022,Qtr 2,May,25,461
2022,Qtr 2,May,26,456.85
2022,Qtr 2,May,27,471.4
2022,Qtr 2,May,30,473
2022,Qtr 2,May,31,474
2022,Qtr 2,June,1,468
2022,Qtr 2,June,2,466.9
2022,Qtr 2,June,3,473.25
2022,Qtr 2,June,6,464.2
2022,Qtr 2,June,7,461.85
2022,Qtr 2,June,8,466.6
2022,Qtr 2,June,9,468.95
2022,Qtr 2,June,10,462
2022,Qtr 2,June,13,454
2022,Qtr 2,June,14,445
2022,Qtr 2,June,15,448.95
2022,Qtr 2,June,16,455.15
2022,Qtr 2,June,17,440
2022,Qtr 2,June,20,441.5
2022,Qtr 2,June,21,439.5
2022,Qtr 2,June,22,448.75
2022,Qtr 2,June,23,449
2022,Qtr 2,June,24,455.8
2022,Qtr 2,June,27,459.95
2022,Qtr 2,June,28,458.9
2022,Qtr 2,June,29,460
2022,Qtr 2,June,30,459
2022,Qtr 3,July,1,463.35
2022,Qtr 3,July,4,466.85
2022,Qtr 3,July,5,475.15
2022,Qtr 3,July,6,475.15
2022,Qtr 3,July,7,484
2022,Qtr 3,July,8,489
2022,Qtr 3,July,11,485
2022,Qtr 3,July,12,485
2022,Qtr 3,July,13,487.75
2022,Qtr 3,July,14,486.6
2022,Qtr 3,July,15,482.55
2022,Qtr 3,July,18,484.55
2022,Qtr 3,July,19,488
2022,Qtr 3,July,20,501
2022,Qtr 3,July,21,509.8
2022,Qtr 3,July,22,513.45
2022,Qtr 3,July,25,513.4
2022,Qtr 3,July,26,517.7
2022,Qtr 3,July,27,515.3
2022,Qtr 3,July,28,533.2
2022,Qtr 3,July,29,535.05
2022,Qtr 3,August,1,529.05
2022,Qtr 3,August,2,531.9
2022,Qtr 3,August,3,541.9
2022,Qtr 3,August,4,543.65
2022,Qtr 3,August,5,535.55
2022,Qtr 3,August,8,524
2022,Qtr 3,August,10,521.55
2022,Qtr 3,August,11,520
2022,Qtr 3,August,12,525.7
2022,Qtr 3,August,16,533.3
2022,Qtr 3,August,17,528.85
2022,Qtr 3,August,18,526.85
2022,Qtr 3,August,19,532
2022,Qtr 3,August,22,519
2022,Qtr 3,August,23,508.25
2022,Qtr 3,August,24,519
2022,Qtr 3,August,25,521.95
2022,Qtr 3,August,26,523.8
2022,Qtr 3,August,29,511.3
2022,Qtr 3,August,30,518.2
2022,Qtr 3,September,1,522.25
2022,Qtr 3,September,2,537
2022,Qtr 3,September,5,537
2022,Qtr 3,September,6,538
2022,Qtr 3,September,7,534.4
2022,Qtr 3,September,8,536
2022,Qtr 3,September,9,549.65
2022,Qtr 3,September,12,554.9
2022,Qtr 3,September,13,560
2022,Qtr 3,September,14,550
2022,Qtr 3,September,15,572.55
2022,Qtr 3,September,16,569.1
2022,Qtr 3,September,19,560.7
2022,Qtr 3,September,20,577.95
2022,Qtr 3,September,21,575
2022,Qtr 3,September,22,566.75
2022,Qtr 3,September,23,564.8
2022,Qtr 3,September,26,545.8
2022,Qtr 3,September,27,544.55
2022,Qtr 3,September,28,532.9
2022,Qtr 3,September,29,529
2022,Qtr 3,September,30,524
2022,Qtr 4,October,3,527.6
2022,Qtr 4,October,4,533
2022,Qtr 4,October,6,534.6
2022,Qtr 4,October,7,535.5
2022,Qtr 4,October,10,525.7
2022,Qtr 4,October,11,530.75
2022,Qtr 4,October,12,530
2022,Qtr 4,October,13,533
2022,Qtr 4,October,14,530.2
2022,Qtr 4,October,17,526.4
2022,Qtr 4,October,18,547.1
2022,Qtr 4,October,19,563
2022,Qtr 4,October,20,552
2022,Qtr 4,October,21,557.25
2022,Qtr 4,October,24,567
2022,Qtr 4,October,25,572.5
2022,Qtr 4,October,27,583.95
2022,Qtr 4,October,28,579.95
2022,Qtr 4,October,31,574.95
2022,Qtr 4,November,1,576.35
2022,Qtr 4,November,2,575.9
2022,Qtr 4,November,3,569
2022,Qtr 4,November,4,586
2022,Qtr 4,November,7,613
2022,Qtr 4,November,9,621
2022,Qtr 4,November,10,613.1
2022,Qtr 4,November,11,617.25
2022,Qtr 4,November,14,603.95
2022,Qtr 4,November,15,594.3
2022,Qtr 4,November,16,599.95
2022,Qtr 4,November,17,599.1
2022,Qtr 4,November,18,601
2022,Qtr 4,November,21,602.1
2022,Qtr 4,November,22,598.15
2022,Qtr 4,November,23,601.55
2022,Qtr 4,November,24,609.75
2022,Qtr 4,November,25,610.55
2022,Qtr 4,November,28,605.6
2022,Qtr 4,November,29,607.1
2022,Qtr 4,November,30,608.5
2022,Qtr 4,December,1,607.85
2022,Qtr 4,December,2,607.5
2022,Qtr 4,December,5,608.5
2022,Qtr 4,December,6,614.75
2022,Qtr 4,December,7,610.85
2022,Qtr 4,December,8,609.75
2022,Qtr 4,December,9,614.4
2022,Qtr 4,December,12,614.8
2022,Qtr 4,December,13,613.5
2022,Qtr 4,December,14,618.5
2022,Qtr 4,December,15,625.55
2022,Qtr 4,December,16,612
2022,Qtr 4,December,19,604
2022,Qtr 4,December,20,603
2022,Qtr 4,December,21,605.9
2022,Qtr 4,December,22,597
2022,Qtr 4,December,23,590
2022,Qtr 4,December,26,574
2022,Qtr 4,December,27,600.4
2022,Qtr 4,December,28,600.9
2022,Qtr 4,December,29,600
2022,Qtr 4,December,30,615.25
2023,Qtr 1,January,2,614.95
2023,Qtr 1,January,3,614.5
2023,Qtr 1,January,4,611.85
2023,Qtr 1,January,5,607
2023,Qtr 1,January,6,607.4
2023,Qtr 1,January,9,605
2023,Qtr 1,January,10,608.45
2023,Qtr 1,January,11,596.45
2023,Qtr 1,January,12,597.9
2023,Qtr 1,January,13,597.9
2023,Qtr 1,January,16,603
2023,Qtr 1,January,17,603
2023,Qtr 1,January,18,595.9
2023,Qtr 1,January,19,591
2023,Qtr 1,January,20,593.8
2023,Qtr 1,January,23,598.5
2023,Qtr 1,January,24,603.5
2023,Qtr 1,January,25,595.85
2023,Qtr 1,January,27,568
2023,Qtr 1,January,30,536
2023,Qtr 1,January,31,545
2023,Qtr 1,February,1,561.4
2023,Qtr 1,February,2,520.2
2023,Qtr 1,February,3,536
2023,Qtr 1,February,6,558.8
2023,Qtr 1,February,7,548
2023,Qtr 1,February,8,550
2023,Qtr 1,February,9,552
2023,Qtr 1,February,10,546.5
2023,Qtr 1,February,13,554
2023,Qtr 1,February,14,539.95
2023,Qtr 1,February,15,540
2023,Qtr 1,February,16,546.85
2023,Qtr 1,February,17,538.5
2023,Qtr 1,February,20,532
2023,Qtr 1,February,21,527.1
2023,Qtr 1,February,22,520.75
2023,Qtr 1,February,23,516.95
2023,Qtr 1,February,24,524.2
2023,Qtr 1,February,27,521.1
2023,Qtr 1,February,28,527.25
2023,Qtr 1,March,1,523.25
2023,Qtr 1,March,2,535.95
2023,Qtr 1,March,3,542
2023,Qtr 1,March,6,564.9
2023,Qtr 1,March,8,560
2023,Qtr 1,March,9,564.75
2023,Qtr 1,March,10,553.1
2023,Qtr 1,March,13,547
2023,Qtr 1,March,14,527.65
2023,Qtr 1,March,15,529.8
2023,Qtr 1,March,16,518.4
2023,Qtr 1,March,17,528.65
2023,Qtr 1,March,20,526.6
2023,Qtr 1,March,21,522
2023,Qtr 1,March,22,522.2
2023,Qtr 1,March,23,519.4
2023,Qtr 1,March,24,514.5
2023,Qtr 1,March,27,507
2023,Qtr 1,March,28,511.45
2023,Qtr 1,March,29,509
2023,Qtr 1,March,31,520.65
2023,Qtr 2,April,3,524.75
2023,Qtr 2,April,5,527
2023,Qtr 2,April,6,524
2023,Qtr 2,April,10,529.25
2023,Qtr 2,April,11,530.85
2023,Qtr 2,April,12,533.2
2023,Qtr 2,April,13,529.3
2023,Qtr 2,April,17,528
2023,Qtr 2,April,18,545.35
2023,Qtr 2,April,19,544
2023,Qtr 2,April,20,541.2
2023,Qtr 2,April,21,545
2023,Qtr 2,April,24,543.8
2023,Qtr 2,April,25,555
2023,Qtr 2,April,26,562
2023,Qtr 2,April,27,565
2023,Qtr 2,April,28,567.8
2023,Qtr 2,May,2,580
2023,Qtr 2,May,3,570.65
2023,Qtr 2,May,4,570.2
2023,Qtr 2,May,5,580.2
2023,Qtr 2,May,8,577.65
2023,Qtr 2,May,9,585
2023,Qtr 2,May,10,575
2023,Qtr 2,May,11,572.2
2023,Qtr 2,May,12,574.7
2023,Qtr 2,May,15,578.75
2023,Qtr 2,May,16,584
2023,Qtr 2,May,17,586
2023,Qtr 2,May,18,590.3
2023,Qtr 2,May,19,579
2023,Qtr 2,May,22,577.5
2023,Qtr 2,May,23,578.9
2023,Qtr 2,May,24,579.8
2023,Qtr 2,May,25,582
2023,Qtr 2,May,26,581.25
2023,Qtr 2,May,29,590
2023,Qtr 2,May,30,595
2023,Qtr 2,May,31,583.8
2023,Qtr 2,June,1,581.8
2023,Qtr 2,June,2,584.7
2023,Qtr 2,June,5,588.5
2023,Qtr 2,June,6,588
2023,Qtr 2,June,7,588
2023,Qtr 2,June,8,589.95
2023,Qtr 2,June,9,588
2023,Qtr 2,June,12,580
2023,Qtr 2,June,13,579.45
2023,Qtr 2,June,14,577
2023,Qtr 2,June,15,576
2023,Qtr 2,June,16,568.75
2023,Qtr 2,June,19,571.25
2023,Qtr 2,June,20,568.85
2023,Qtr 2,June,21,567.4
2023,Qtr 2,June,22,566.35
2023,Qtr 2,June,23,562
2023,Qtr 2,June,26,556
2023,Qtr 2,June,27,558.25
2023,Qtr 2,June,28,572.25
2023,Qtr 2,June,30,574
2023,Qtr 3,July,3,574.5
2023,Qtr 3,July,4,588.2
2023,Qtr 3,July,5,589.8
2023,Qtr 3,July,6,590.4
2023,Qtr 3,July,7,590
2023,Qtr 3,July,10,594.65
2023,Qtr 3,July,11,595
2023,Qtr 3,July,12,589
2023,Qtr 3,July,13,594.9
2023,Qtr 3,July,14,586.75
2023,Qtr 3,July,17,587
2023,Qtr 3,July,18,603.05
2023,Qtr 3,July,19,594.65
2023,Qtr 3,July,20,601.4
2023,Qtr 3,July,21,610
2023,Qtr 3,July,24,615.05
2023,Qtr 3,July,25,621.8
2023,Qtr 3,July,26,612
2023,Qtr 3,July,27,616.4
2023,Qtr 3,July,28,616.4
2023,Qtr 3,July,31,616.65
2023,Qtr 3,August,1,620.2
2023,Qtr 3,August,2,609.85
2023,Qtr 3,August,3,598.7
2023,Qtr 3,August,4,594.8
2023,Qtr 3,August,7,577
2023,Qtr 3,August,8,571
2023,Qtr 3,August,9,575
2023,Qtr 3,August,10,573.75
2023,Qtr 3,August,11,575.45
2023,Qtr 3,August,14,572.95
2023,Qtr 3,August,16,558.8
2023,Qtr 3,August,17,565.75
2023,Qtr 3,August,18,570
2023,Qtr 3,August,21,572.95
2023,Qtr 3,August,22,572.5
2023,Qtr 3,August,23,571
2023,Qtr 3,August,24,578.15
2023,Qtr 3,August,25,573.8
2023,Qtr 3,August,28,572.8
2023,Qtr 3,August,29,573.65
2023,Qtr 3,August,30,576.7
2023,Qtr 3,August,31,569.3
2023,Qtr 3,September,1,562.7
2023,Qtr 3,September,4,572
2023,Qtr 3,September,5,575.6
2023,Qtr 3,September,6,574.25
2023,Qtr 3,September,7,568
2023,Qtr 3,September,8,581
2023,Qtr 3,September,11,587
2023,Qtr 3,September,12,593.65
2023,Qtr 3,September,13,588.4
2023,Qtr 3,September,14,598.45
2023,Qtr 3,September,15,599.35
2023,Qtr 3,September,18,598.8
2023,Qtr 3,September,20,600.85
2023,Qtr 3,September,21,600
2023,Qtr 3,September,22,593.5
2023,Qtr 3,September,25,601.5
2023,Qtr 3,September,26,594
2023,Qtr 3,September,27,593.45
2023,Qtr 3,September,28,591.25
2023,Qtr 3,September,29,592.85
2023,Qtr 4,October,3,596.6
2023,Qtr 4,October,4,600
2023,Qtr 4,October,5,590
2023,Qtr 4,October,6,593.4
2023,Qtr 4,October,9,588
2023,Qtr 4,October,10,587
2023,Qtr 4,October,11,596.9
2023,Qtr 4,October,12,590.8
2023,Qtr 4,October,13,577.75
2023,Qtr 4,October,16,576
2023,Qtr 4,October,17,577.7
2023,Qtr 4,October,18,577.75
2023,Qtr 4,October,19,569.8
2023,Qtr 4,October,20,569.9
2023,Qtr 4,October,23,563.1
2023,Qtr 4,October,25,558.6
2023,Qtr 4,October,26,551.45
2023,Qtr 4,October,27,550
2023,Qtr 4,October,30,563
2023,Qtr 4,October,31,567
2023,Qtr 4,November,1,566.25
2023,Qtr 4,November,2,571.1
2023,Qtr 4,November,3,576
2023,Qtr 4,November,6,582
2023,Qtr 4,November,7,574.8
2023,Qtr 4,November,8,581.9
2023,Qtr 4,November,9,581
2023,Qtr 4,November,10,577.8
2023,Qtr 4,November,12,584.75
2023,Qtr 4,November,13,581
2023,Qtr 4,November,15,587.25
2023,Qtr 4,November,16,584.7
2023,Qtr 4,November,17,574.5
2023,Qtr 4,November,20,564
2023,Qtr 4,November,21,566
2023,Qtr 4,November,22,562.95
2023,Qtr 4,November,23,561.75
2023,Qtr 4,November,24,561.95
2023,Qtr 4,November,28,563.6
2023,Qtr 4,November,29,568
2023,Qtr 4,November,30,569.75
2023,Qtr 4,December,1,567
2023,Qtr 4,December,4,588
2023,Qtr 4,December,5,595.05
2023,Qtr 4,December,6,614
2023,Qtr 4,December,7,610
2023,Qtr 4,December,8,610
2023,Qtr 4,December,11,615
2023,Qtr 4,December,12,617
2023,Qtr 4,December,13,614.45
2023,Qtr 4,December,14,626
2023,Qtr 4,December,15,628
2023,Qtr 4,December,18,646.65
2023,Qtr 4,December,19,648.5
2023,Qtr 4,December,20,658.7
2023,Qtr 4,December,21,632.15
2023,Qtr 4,December,22,644.75
2023,Qtr 4,December,26,638.85
2023,Qtr 4,December,27,640.75
2023,Qtr 4,December,28,650.25
2023,Qtr 4,December,29,645.5
2024,Qtr 1,January,1,642.2
2024,Qtr 1,January,2,641.35
2024,Qtr 1,January,3,639.35
2024,Qtr 1,January,4,642.5
2024,Qtr 1,January,5,645
2024,Qtr 1,January,8,640
2024,Qtr 1,January,9,632
2024,Qtr 1,January,10,624.8
2024,Qtr 1,January,11,626
2024,Qtr 1,January,12,623.8
2024,Qtr 1,January,15,638.9
2024,Qtr 1,January,16,640
2024,Qtr 1,January,17,624
2024,Qtr 1,January,18,625.8
2024,Qtr 1,January,19,633
2024,Qtr 1,January,20,629
2024,Qtr 1,January,23,627
2024,Qtr 1,January,24,609.95
2024,Qtr 1,January,25,618.5
2024,Qtr 1,January,29,619
2024,Qtr 1,January,30,625.45
2024,Qtr 1,January,31,626.4
2024,Qtr 1,February,1,642.75
2024,Qtr 1,February,2,652
2024,Qtr 1,February,5,647.1
2024,Qtr 1,February,6,644.45
2024,Qtr 1,February,7,655.05
2024,Qtr 1,February,8,680.4
2024,Qtr 1,February,9,703.65
2024,Qtr 1,February,12,726
2024,Qtr 1,February,13,708.55
2024,Qtr 1,February,14,705.55
2024,Qtr 1,February,15,747.7
2024,Qtr 1,February,16,763.45
2024,Qtr 1,February,19,758.7
2024,Qtr 1,February,20,759.05
2024,Qtr 1,February,21,760.65
2024,Qtr 1,February,22,773
2024,Qtr 1,February,23,765.9
2024,Qtr 1,February,26,755
2024,Qtr 1,February,27,758.9
2024,Qtr 1,February,28,749.85
2024,Qtr 1,February,29,743.9
2024,Qtr 1,March,1,752
2024,Qtr 1,March,2,770.35
2024,Qtr 1,March,4,774.4
2024,Qtr 1,March,5,769.5
2024,Qtr 1,March,6,783.65
2024,Qtr 1,March,7,790
2024,Qtr 1,March,11,790
2024,Qtr 1,March,12,770
2024,Qtr 1,March,13,758.65
2024,Qtr 1,March,14,749.9
2024,Qtr 1,March,15,739.25
2024,Qtr 1,March,18,727.1
2024,Qtr 1,March,19,730
2024,Qtr 1,March,20,725.15
2024,Qtr 1,March,21,742
2024,Qtr 1,March,22,743.85
2024,Qtr 1,March,26,743.05
2024,Qtr 1,March,27,743
2024,Qtr 1,March,28,737.75
2024,Qtr 2,April,1,759.05
2024,Qtr 2,April,2,758.2
2024,Qtr 2,April,3,764.9
2024,Qtr 2,April,4,775
2024,Qtr 2,April,5,757.95
2024,Qtr 2,April,8,766.05
2024,Qtr 2,April,9,768.45
2024,Qtr 2,April,10,766.5
2024,Qtr 2,April,12,777.25
2024,Qtr 2,April,15,759.8
2024,Qtr 2,April,16,751.25
2024,Qtr 2,April,18,752.05
2024,Qtr 2,April,19,734.5
2024,Qtr 2,April,22,754.15
2024,Qtr 2,April,23,770.35
2024,Qtr 2,April,24,778.5
2024,Qtr 2,April,25,770.65
2024,Qtr 2,April,26,815.9
2024,Qtr 2,April,29,807
2024,Qtr 2,April,30,826.5
2024,Qtr 2,May,2,826.9
2024,Qtr 2,May,3,834.8
2024,Qtr 2,May,6,835
2024,Qtr 2,May,7,812
2024,Qtr 2,May,8,802.6
2024,Qtr 2,May,9,811.9
2024,Qtr 2,May,10,827
2024,Qtr 2,May,13,819.85
2024,Qtr 2,May,14,813
2024,Qtr 2,May,15,821
2024,Qtr 2,May,16,825.3
2024,Qtr 2,May,17,814.5
2024,Qtr 2,May,18,822
2024,Qtr 2,May,21,821
2024,Qtr 2,May,22,826.55
2024,Qtr 2,May,23,824.7
2024,Qtr 2,May,24,830
2024,Qtr 2,May,27,832.6
2024,Qtr 2,May,28,835.7
2024,Qtr 2,May,29,828.4
2024,Qtr 2,May,30,821.4
2024,Qtr 2,May,31,830.7
2024,Qtr 2,June,3,863.55
2024,Qtr 2,June,4,897
2024,Qtr 2,June,5,790.75
2024,Qtr 2,June,6,800
2024,Qtr 2,June,7,819.9
2024,Qtr 2,June,10,834.15
2024,Qtr 2,June,11,836
2024,Qtr 2,June,12,837
2024,Qtr 2,June,13,845
2024,Qtr 2,June,14,845
2024,Qtr 2,June,18,841.55
2024,Qtr 2,June,19,846.8
2024,Qtr 2,June,20,853
2024,Qtr 2,June,21,844.9
2024,Qtr 2,June,24,831.5
2024,Qtr 2,June,25,837
2024,Qtr 2,June,26,839.85
2024,Qtr 2,June,27,843.9
2024,Qtr 2,June,28,846.9
2024,Qtr 3,July,1,849.35
2024,Qtr 3,July,2,844
2024,Qtr 3,July,3,829
2024,Qtr 3,July,4,843
2024,Qtr 3,July,5,838
2024,Qtr 3,July,8,859.75
2024,Qtr 3,July,9,859.9
2024,Qtr 3,July,10,860.1
2024,Qtr 3,July,11,854.4
2024,Qtr 3,July,12,856.7
2024,Qtr 3,July,15,859.7
2024,Qtr 3,July,16,882.3
2024,Qtr 3,July,18,880.65
2024,Qtr 3,July,19,895
2024,Qtr 3,July,22,881.45
2024,Qtr 3,July,23,883
2024,Qtr 3,July,24,864.2
2024,Qtr 3,July,25,847.5
2024,Qtr 3,July,26,844.65
2024,Qtr 3,July,29,866.05
2024,Qtr 3,July,30,874.7
2024,Qtr 3,July,31,873.85
2024,Qtr 3,August,1,877.8
2024,Qtr 3,August,2,856.7
2024,Qtr 3,August,5,830
2024,Qtr 3,August,6,822.65
2024,Qtr 3,August,7,809
2024,Qtr 3,August,8,812
2024,Qtr 3,August,9,816
2024,Qtr 3,August,12,820.6
2024,Qtr 3,August,13,813.5
2024,Qtr 3,August,14,800.95
2024,Qtr 3,August,16,803
2024,Qtr 3,August,19,815
2024,Qtr 3,August,20,817.95
2024,Qtr 3,August,21,820.3
2024,Qtr 3,August,22,819
2024,Qtr 3,August,23,821.5
2024,Qtr 3,August,26,818
2024,Qtr 3,August,27,817.8
2024,Qtr 3,August,28,814.75
2024,Qtr 3,August,29,809.55
2024,Qtr 3,August,30,817.15
2024,Qtr 3,September,2,817.3
2024,Qtr 3,September,3,822.15
2024,Qtr 3,September,4,815.45
2024,Qtr 3,September,5,818.35
2024,Qtr 3,September,6,811.5
2024,Qtr 3,September,9,785
2024,Qtr 3,September,10,788
2024,Qtr 3,September,11,780.05
2024,Qtr 3,September,12,775
2024,Qtr 3,September,13,791
2024,Qtr 3,September,16,790.85
2024,Qtr 3,September,17,785.6
2024,Qtr 3,September,18,783.8
2024,Qtr 3,September,19,795.05
2024,Qtr 3,September,20,794.85
2024,Qtr 3,September,23,786
2024,Qtr 3,September,24,799.25
2024,Qtr 3,September,25,797.9
2024,Qtr 3,September,26,796
2024,Qtr 3,September,27,801.85
2024,Qtr 3,September,30,801.9
2024,Qtr 4,October,1,788
2024,Qtr 4,October,3,789.9
2024,Qtr 4,October,4,792
2024,Qtr 4,October,7,800
2024,Qtr 4,October,8,772.25
2024,Qtr 4,October,9,786.7
2024,Qtr 4,October,10,799
2024,Qtr 4,October,11,797.2
2024,Qtr 4,October,14,802
2024,Qtr 4,October,15,805.5
2024,Qtr 4,October,16,802.8
2024,Qtr 4,October,17,809.5
2024,Qtr 4,October,18,811.1
2024,Qtr 4,October,21,824.7
2024,Qtr 4,October,22,814
2024,Qtr 4,October,23,790
2024,Qtr 4,October,24,786.05
2024,Qtr 4,October,25,798
2024,Qtr 4,October,28,783.8
2024,Qtr 4,October,29,796
2024,Qtr 4,October,30,828
2024,Qtr 4,October,31,820
2024,Qtr 4,November,1,822.4
2024,Qtr 4,November,4,822.7
2024,Qtr 4,November,5,829.85
2024,Qtr 4,November,6,849.2
2024,Qtr 4,November,7,861
2024,Qtr 4,November,8,859.6
2024,Qtr 4,November,11,846
2024,Qtr 4,November,12,852.5
2024,Qtr 4,November,13,823.35
2024,Qtr 4,November,14,808.65
2024,Qtr 4,November,18,811
2024,Qtr 4,November,19,819
2024,Qtr 4,November,21,798.5
2024,Qtr 4,November,22,786
2024,Qtr 4,November,25,827
2024,Qtr 4,November,26,844
2024,Qtr 4,November,27,838.5
2024,Qtr 4,November,28,834.1
2024,Qtr 4,November,29,841.1
2024,Qtr 4,December,2,838.95
2024,Qtr 4,December,3,838
2024,Qtr 4,December,4,853.95
2024,Qtr 4,December,5,860
2024,Qtr 4,December,6,865.25
2024,Qtr 4,December,9,859
2024,Qtr 4,December,10,861.8
2024,Qtr 4,December,11,867.5
2024,Qtr 4,December,12,861.5
2024,Qtr 4,December,13,852.6
2024,Qtr 4,December,16,859.8
2024,Qtr 4,December,17,858.55
2024,Qtr 4,December,18,851
2024,Qtr 4,December,19,824.6
2024,Qtr 4,December,20,834.9
2024,Qtr 4,December,23,817.3
2024,Qtr 4,December,24,824.25
2024,Qtr 4,December,26,813
2024,Qtr 4,December,27,816.3
2024,Qtr 4,December,30,802
2024,Qtr 4,December,31,786.95
2025,Qtr 1,January,1,795.55
2025,Qtr 1,January,2,795
2025,Qtr 1,January,3,801.2
2025,Qtr 1,January,6,797.4
2025,Qtr 1,January,7,779.85
2025,Qtr 1,January,8,780.9
2025,Qtr 1,January,9,771.15
2025,Qtr 1,January,10,760.35
2025,Qtr 1,January,13,741.5
2025,Qtr 1,January,14,732.95
2025,Qtr 1,January,15,753.15
2025,Qtr 1,January,16,760.4
2025,Qtr 1,January,17,766.3
2025,Qtr 1,January,20,769
2025,Qtr 1,January,21,784.8
2025,Qtr 1,January,22,762
2025,Qtr 1,January,23,750
2025,Qtr 1,January,24,749.9
2025,Qtr 1,January,27,740
2025,Qtr 1,January,28,757
2025,Qtr 1,January,29,753
2025,Qtr 1,January,30,758.55
2025,Qtr 1,January,31,764.9
2025,Qtr 1,February,1,774.8
