﻿Year,Quarter,Month,Day,Average of Close
2022,Qtr 1,February,1,532.3
2022,Qtr 1,February,2,539.8
2022,Qtr 1,February,3,540.1
2022,Qtr 1,February,4,530.3
2022,Qtr 1,February,7,533.25
2022,Qtr 1,February,8,531.35
2022,Qtr 1,February,9,535.25
2022,Qtr 1,February,10,540.55
2022,Qtr 1,February,11,529.6
2022,Qtr 1,February,14,501.4
2022,Qtr 1,February,15,524.8
2022,Qtr 1,February,16,516.7
2022,Qtr 1,February,17,512.95
2022,Qtr 1,February,18,515.3
2022,Qtr 1,February,21,511.85
2022,Qtr 1,February,22,498.4
2022,Qtr 1,February,23,498.7
2022,Qtr 1,February,24,472.65
2022,Qtr 1,February,25,482.95
2022,Qtr 1,February,28,483.2
2022,Qtr 1,March,2,474.25
2022,Qtr 1,March,3,467.4
2022,Qtr 1,March,4,461.95
2022,Qtr 1,March,7,440.3
2022,Qtr 1,March,8,440.3
2022,Qtr 1,March,9,451.7
2022,Qtr 1,March,10,468.7
2022,Qtr 1,March,11,470.35
2022,Qtr 1,March,14,485.15
2022,Qtr 1,March,15,485.85
2022,Qtr 1,March,16,492.75
2022,Qtr 1,March,17,501.9
2022,Qtr 1,March,21,490.6
2022,Qtr 1,March,22,493.7
2022,Qtr 1,March,23,490.65
2022,Qtr 1,March,24,487.1
2022,Qtr 1,March,25,490.7
2022,Qtr 1,March,28,497.5
2022,Qtr 1,March,29,495
2022,Qtr 1,March,30,494.3
2022,Qtr 1,March,31,493.55
2022,Qtr 2,April,1,508.2
2022,Qtr 2,April,4,512.4
2022,Qtr 2,April,5,509.4
2022,Qtr 2,April,6,513.95
2022,Qtr 2,April,7,514.95
2022,Qtr 2,April,8,516.1
2022,Qtr 2,April,11,514.9
2022,Qtr 2,April,12,512.85
2022,Qtr 2,April,13,517.7
2022,Qtr 2,April,18,509.5
2022,Qtr 2,April,19,511.8
2022,Qtr 2,April,20,509.3
2022,Qtr 2,April,21,516.3
2022,Qtr 2,April,22,500.6
2022,Qtr 2,April,25,494.75
2022,Qtr 2,April,26,505.5
2022,Qtr 2,April,27,497.25
2022,Qtr 2,April,28,507.5
2022,Qtr 2,April,29,496.3
2022,Qtr 2,May,2,491
2022,Qtr 2,May,4,479.65
2022,Qtr 2,May,5,480
2022,Qtr 2,May,6,483.95
2022,Qtr 2,May,9,475.9
2022,Qtr 2,May,10,475.2
2022,Qtr 2,May,11,476.55
2022,Qtr 2,May,12,462.65
2022,Qtr 2,May,13,444.65
2022,Qtr 2,May,16,455
2022,Qtr 2,May,17,467.3
2022,Qtr 2,May,18,458
2022,Qtr 2,May,19,447.5
2022,Qtr 2,May,20,462.4
2022,Qtr 2,May,23,460.9
2022,Qtr 2,May,24,462.05
2022,Qtr 2,May,25,454.1
2022,Qtr 2,May,26,468.9
2022,Qtr 2,May,27,468.95
2022,Qtr 2,May,30,474.6
2022,Qtr 2,May,31,468.1
2022,Qtr 2,June,1,468.3
2022,Qtr 2,June,2,469.85
2022,Qtr 2,June,3,464.5
2022,Qtr 2,June,6,463.7
2022,Qtr 2,June,7,463.4
2022,Qtr 2,June,8,471.3
2022,Qtr 2,June,9,466.95
2022,Qtr 2,June,10,461.85
2022,Qtr 2,June,13,445.85
2022,Qtr 2,June,14,448.1
2022,Qtr 2,June,15,451.35
2022,Qtr 2,June,16,441.6
2022,Qtr 2,June,17,441
2022,Qtr 2,June,20,434.7
2022,Qtr 2,June,21,450.75
2022,Qtr 2,June,22,447.65
2022,Qtr 2,June,23,451.4
2022,Qtr 2,June,24,454.25
2022,Qtr 2,June,27,461.2
2022,Qtr 2,June,28,464.25
2022,Qtr 2,June,29,459.1
2022,Qtr 2,June,30,465.9
2022,Qtr 3,July,1,466.85
2022,Qtr 3,July,4,473.45
2022,Qtr 3,July,5,472.15
2022,Qtr 3,July,6,479.95
2022,Qtr 3,July,7,486.75
2022,Qtr 3,July,8,488.55
2022,Qtr 3,July,11,488.2
2022,Qtr 3,July,12,484.95
2022,Qtr 3,July,13,486.5
2022,Qtr 3,July,14,479.35
2022,Qtr 3,July,15,479.1
2022,Qtr 3,July,18,490.3
2022,Qtr 3,July,19,497.95
2022,Qtr 3,July,20,508.6
2022,Qtr 3,July,21,512.05
2022,Qtr 3,July,22,513.7
2022,Qtr 3,July,25,517.8
2022,Qtr 3,July,26,514.2
2022,Qtr 3,July,27,528.2
2022,Qtr 3,July,28,532.45
2022,Qtr 3,July,29,528.35
2022,Qtr 3,August,1,533.75
2022,Qtr 3,August,2,542.1
2022,Qtr 3,August,3,540.85
2022,Qtr 3,August,4,533.25
2022,Qtr 3,August,5,531.05
2022,Qtr 3,August,8,520.4
2022,Qtr 3,August,10,514.7
2022,Qtr 3,August,11,524.75
2022,Qtr 3,August,12,530.7
2022,Qtr 3,August,16,525.95
2022,Qtr 3,August,17,528.15
2022,Qtr 3,August,18,532.35
2022,Qtr 3,August,19,520.35
2022,Qtr 3,August,22,511.3
2022,Qtr 3,August,23,521.9
2022,Qtr 3,August,24,519.3
2022,Qtr 3,August,25,520.4
2022,Qtr 3,August,26,523.8
2022,Qtr 3,August,29,514.85
2022,Qtr 3,August,30,531.25
2022,Qtr 3,September,1,533.3
2022,Qtr 3,September,2,536.7
2022,Qtr 3,September,5,538.9
2022,Qtr 3,September,6,537.8
2022,Qtr 3,September,7,532.85
2022,Qtr 3,September,8,544.65
2022,Qtr 3,September,9,553.35
2022,Qtr 3,September,12,554.9
2022,Qtr 3,September,13,558
2022,Qtr 3,September,14,571.75
2022,Qtr 3,September,15,572.15
2022,Qtr 3,September,16,561.8
2022,Qtr 3,September,19,572.25
2022,Qtr 3,September,20,574.05
2022,Qtr 3,September,21,569.7
2022,Qtr 3,September,22,567.3
2022,Qtr 3,September,23,550.6
2022,Qtr 3,September,26,543.3
2022,Qtr 3,September,27,536.5
2022,Qtr 3,September,28,524.85
2022,Qtr 3,September,29,521.75
2022,Qtr 3,September,30,530.6
2022,Qtr 4,October,3,519.75
2022,Qtr 4,October,4,532.7
2022,Qtr 4,October,6,537.3
2022,Qtr 4,October,7,530.2
2022,Qtr 4,October,10,530.75
2022,Qtr 4,October,11,527.4
2022,Qtr 4,October,12,533.8
2022,Qtr 4,October,13,521.45
2022,Qtr 4,October,14,527.2
2022,Qtr 4,October,17,543.65
2022,Qtr 4,October,18,562.45
2022,Qtr 4,October,19,553.4
2022,Qtr 4,October,20,555.4
2022,Qtr 4,October,21,560.85
2022,Qtr 4,October,24,570.5
2022,Qtr 4,October,25,578.55
2022,Qtr 4,October,27,579.65
2022,Qtr 4,October,28,570.75
2022,Qtr 4,October,31,573.8
2022,Qtr 4,November,1,576.9
2022,Qtr 4,November,2,573.85
2022,Qtr 4,November,3,584.9
2022,Qtr 4,November,4,593.95
2022,Qtr 4,November,7,614.15
2022,Qtr 4,November,9,615.55
2022,Qtr 4,November,10,605.75
2022,Qtr 4,November,11,601.3
2022,Qtr 4,November,14,592.55
2022,Qtr 4,November,15,600.85
2022,Qtr 4,November,16,599.75
2022,Qtr 4,November,17,599.05
2022,Qtr 4,November,18,602.7
2022,Qtr 4,November,21,598.1
2022,Qtr 4,November,22,599.1
2022,Qtr 4,November,23,607.65
2022,Qtr 4,November,24,609.35
2022,Qtr 4,November,25,607.4
2022,Qtr 4,November,28,608.6
2022,Qtr 4,November,29,608.55
2022,Qtr 4,November,30,602.45
2022,Qtr 4,December,1,608.1
2022,Qtr 4,December,2,607.55
2022,Qtr 4,December,5,617.3
2022,Qtr 4,December,6,608.95
2022,Qtr 4,December,7,607.05
2022,Qtr 4,December,8,611.65
2022,Qtr 4,December,9,616.5
2022,Qtr 4,December,12,613.05
2022,Qtr 4,December,13,616.75
2022,Qtr 4,December,14,625.5
2022,Qtr 4,December,15,615.95
2022,Qtr 4,December,16,603.35
2022,Qtr 4,December,19,604.45
2022,Qtr 4,December,20,604.45
2022,Qtr 4,December,21,593.4
2022,Qtr 4,December,22,593.4
2022,Qtr 4,December,23,574
2022,Qtr 4,December,26,597.1
2022,Qtr 4,December,27,601.9
2022,Qtr 4,December,28,601.05
2022,Qtr 4,December,29,611.8
2022,Qtr 4,December,30,613.7
2023,Qtr 1,January,2,612.2
2023,Qtr 1,January,3,612.4
2023,Qtr 1,January,4,605.2
2023,Qtr 1,January,5,605.1
2023,Qtr 1,January,6,600.65
2023,Qtr 1,January,9,607.7
2023,Qtr 1,January,10,595.15
2023,Qtr 1,January,11,596.7
2023,Qtr 1,January,12,594.9
2023,Qtr 1,January,13,600.1
2023,Qtr 1,January,16,603
2023,Qtr 1,January,17,592.95
2023,Qtr 1,January,18,591.45
2023,Qtr 1,January,19,589.85
2023,Qtr 1,January,20,592.2
2023,Qtr 1,January,23,600.45
2023,Qtr 1,January,24,594.35
2023,Qtr 1,January,25,568.7
2023,Qtr 1,January,27,539.95
2023,Qtr 1,January,30,538.2
2023,Qtr 1,January,31,553.5
2023,Qtr 1,February,1,527.35
2023,Qtr 1,February,2,528.1
2023,Qtr 1,February,3,544.2
2023,Qtr 1,February,6,545.4
2023,Qtr 1,February,7,547.1
2023,Qtr 1,February,8,549.75
2023,Qtr 1,February,9,550.8
2023,Qtr 1,February,10,553.05
2023,Qtr 1,February,13,537.5
2023,Qtr 1,February,14,540.85
2023,Qtr 1,February,15,542.25
2023,Qtr 1,February,16,540.1
2023,Qtr 1,February,17,531
2023,Qtr 1,February,20,525.15
2023,Qtr 1,February,21,523.45
2023,Qtr 1,February,22,516.35
2023,Qtr 1,February,23,521
2023,Qtr 1,February,24,521.05
2023,Qtr 1,February,27,527.7
2023,Qtr 1,February,28,522.8
2023,Qtr 1,March,1,536.7
2023,Qtr 1,March,2,533.75
2023,Qtr 1,March,3,561.2
2023,Qtr 1,March,6,561.7
2023,Qtr 1,March,8,564.8
2023,Qtr 1,March,9,558.9
2023,Qtr 1,March,10,547.35
2023,Qtr 1,March,13,530
2023,Qtr 1,March,14,525.4
2023,Qtr 1,March,15,517.55
2023,Qtr 1,March,16,524.5
2023,Qtr 1,March,17,529.8
2023,Qtr 1,March,20,519.2
2023,Qtr 1,March,21,521.85
2023,Qtr 1,March,22,521.55
2023,Qtr 1,March,23,512.75
2023,Qtr 1,March,24,505.35
2023,Qtr 1,March,27,510.15
2023,Qtr 1,March,28,508.1
2023,Qtr 1,March,29,516.5
2023,Qtr 1,March,31,523.75
2023,Qtr 2,April,3,526.75
2023,Qtr 2,April,5,523
2023,Qtr 2,April,6,527.65
2023,Qtr 2,April,10,526.3
2023,Qtr 2,April,11,532.1
2023,Qtr 2,April,12,528.2
2023,Qtr 2,April,13,532.95
2023,Qtr 2,April,17,544
2023,Qtr 2,April,18,545.85
2023,Qtr 2,April,19,540.3
2023,Qtr 2,April,20,544.8
2023,Qtr 2,April,21,543.15
2023,Qtr 2,April,24,554.6
2023,Qtr 2,April,25,561.8
2023,Qtr 2,April,26,566.35
2023,Qtr 2,April,27,564.75
2023,Qtr 2,April,28,578.3
2023,Qtr 2,May,2,575.3
2023,Qtr 2,May,3,570.5
2023,Qtr 2,May,4,580
2023,Qtr 2,May,5,576.5
2023,Qtr 2,May,8,583.6
2023,Qtr 2,May,9,573.5
2023,Qtr 2,May,10,572.2
2023,Qtr 2,May,11,573.45
2023,Qtr 2,May,12,578.15
2023,Qtr 2,May,15,581.9
2023,Qtr 2,May,16,586.3
2023,Qtr 2,May,17,586.3
2023,Qtr 2,May,18,574.2
2023,Qtr 2,May,19,575.15
2023,Qtr 2,May,22,577.15
2023,Qtr 2,May,23,581.6
2023,Qtr 2,May,24,582.7
2023,Qtr 2,May,25,581.25
2023,Qtr 2,May,26,586
2023,Qtr 2,May,29,595
2023,Qtr 2,May,30,592.8
2023,Qtr 2,May,31,579.85
2023,Qtr 2,June,1,582.75
2023,Qtr 2,June,2,587.2
2023,Qtr 2,June,5,587.2
2023,Qtr 2,June,6,585.35
2023,Qtr 2,June,7,589.2
2023,Qtr 2,June,8,588.5
2023,Qtr 2,June,9,578.7
2023,Qtr 2,June,12,578.65
2023,Qtr 2,June,13,576.4
2023,Qtr 2,June,14,576.55
2023,Qtr 2,June,15,566.5
2023,Qtr 2,June,16,571.25
2023,Qtr 2,June,19,568.85
2023,Qtr 2,June,20,567.4
2023,Qtr 2,June,21,566.35
2023,Qtr 2,June,22,562.95
2023,Qtr 2,June,23,554.6
2023,Qtr 2,June,26,557.05
2023,Qtr 2,June,27,566.1
2023,Qtr 2,June,28,569.8
2023,Qtr 2,June,30,572.85
2023,Qtr 3,July,3,585.45
2023,Qtr 3,July,4,589.25
2023,Qtr 3,July,5,590.6
2023,Qtr 3,July,6,592.5
2023,Qtr 3,July,7,593.6
2023,Qtr 3,July,10,592.6
2023,Qtr 3,July,11,588.55
2023,Qtr 3,July,12,589.25
2023,Qtr 3,July,13,585.65
2023,Qtr 3,July,14,584.4
2023,Qtr 3,July,17,601.1
2023,Qtr 3,July,18,592.35
2023,Qtr 3,July,19,601.45
2023,Qtr 3,July,20,610.05
2023,Qtr 3,July,21,615.1
2023,Qtr 3,July,24,617.65
2023,Qtr 3,July,25,609.6
2023,Qtr 3,July,26,615.15
2023,Qtr 3,July,27,616.55
2023,Qtr 3,July,28,616.05
2023,Qtr 3,July,31,620.2
2023,Qtr 3,August,1,611.85
2023,Qtr 3,August,2,598.45
2023,Qtr 3,August,3,590.5
2023,Qtr 3,August,4,573.3
2023,Qtr 3,August,7,567.9
2023,Qtr 3,August,8,573.1
2023,Qtr 3,August,9,573.75
2023,Qtr 3,August,10,573.65
2023,Qtr 3,August,11,574.15
2023,Qtr 3,August,14,560.8
2023,Qtr 3,August,16,565.35
2023,Qtr 3,August,17,572.15
2023,Qtr 3,August,18,572.95
2023,Qtr 3,August,21,571.7
2023,Qtr 3,August,22,568.5
2023,Qtr 3,August,23,576.9
2023,Qtr 3,August,24,576.95
2023,Qtr 3,August,25,569.95
2023,Qtr 3,August,28,572.85
2023,Qtr 3,August,29,574.85
2023,Qtr 3,August,30,567.4
2023,Qtr 3,August,31,561.35
2023,Qtr 3,September,1,569.55
2023,Qtr 3,September,4,575.55
2023,Qtr 3,September,5,573
2023,Qtr 3,September,6,570.5
2023,Qtr 3,September,7,579.05
2023,Qtr 3,September,8,583.45
2023,Qtr 3,September,11,591.7
2023,Qtr 3,September,12,588.35
2023,Qtr 3,September,13,596.45
2023,Qtr 3,September,14,597.3
2023,Qtr 3,September,15,598.8
2023,Qtr 3,September,18,603.95
2023,Qtr 3,September,20,601.1
2023,Qtr 3,September,21,588.15
2023,Qtr 3,September,22,598.15
2023,Qtr 3,September,25,594.05
2023,Qtr 3,September,26,594.4
2023,Qtr 3,September,27,589.75
2023,Qtr 3,September,28,589.95
2023,Qtr 3,September,29,598.55
2023,Qtr 4,October,3,602.95
2023,Qtr 4,October,4,586.25
2023,Qtr 4,October,5,592.15
2023,Qtr 4,October,6,594.25
2023,Qtr 4,October,9,585.1
2023,Qtr 4,October,10,591.65
2023,Qtr 4,October,11,588.35
2023,Qtr 4,October,12,586.05
2023,Qtr 4,October,13,576.15
2023,Qtr 4,October,16,575.65
2023,Qtr 4,October,17,576.45
2023,Qtr 4,October,18,572.65
2023,Qtr 4,October,19,571.2
2023,Qtr 4,October,20,563.1
2023,Qtr 4,October,23,552.95
2023,Qtr 4,October,25,556.2
2023,Qtr 4,October,26,547
2023,Qtr 4,October,27,561.15
2023,Qtr 4,October,30,565.2
2023,Qtr 4,October,31,565.55
2023,Qtr 4,November,1,566.4
2023,Qtr 4,November,2,572.1
2023,Qtr 4,November,3,578.15
2023,Qtr 4,November,6,574.35
2023,Qtr 4,November,7,579.75
2023,Qtr 4,November,8,580.3
2023,Qtr 4,November,9,578.35
2023,Qtr 4,November,10,579.5
2023,Qtr 4,November,12,581.3
2023,Qtr 4,November,13,581.35
2023,Qtr 4,November,15,584.7
2023,Qtr 4,November,16,584.65
2023,Qtr 4,November,17,563.05
2023,Qtr 4,November,20,563.75
2023,Qtr 4,November,21,561.5
2023,Qtr 4,November,22,558.95
2023,Qtr 4,November,23,559.95
2023,Qtr 4,November,24,560.35
2023,Qtr 4,November,28,564.45
2023,Qtr 4,November,29,568.6
2023,Qtr 4,November,30,564.75
2023,Qtr 4,December,1,571.75
2023,Qtr 4,December,4,594.7
2023,Qtr 4,December,5,608.25
2023,Qtr 4,December,6,608.45
2023,Qtr 4,December,7,611.7
2023,Qtr 4,December,8,614.15
2023,Qtr 4,December,11,614.25
2023,Qtr 4,December,12,612.4
2023,Qtr 4,December,13,619.85
2023,Qtr 4,December,14,623.65
2023,Qtr 4,December,15,648.25
2023,Qtr 4,December,18,648.5
2023,Qtr 4,December,19,655.4
2023,Qtr 4,December,20,636.45
2023,Qtr 4,December,21,643.75
2023,Qtr 4,December,22,636.75
2023,Qtr 4,December,26,638.05
2023,Qtr 4,December,27,648.55
2023,Qtr 4,December,28,651.4
2023,Qtr 4,December,29,642.05
2024,Qtr 1,January,1,641.35
2024,Qtr 1,January,2,639.45
2024,Qtr 1,January,3,643.45
2024,Qtr 1,January,4,642.75
2024,Qtr 1,January,5,641.95
2024,Qtr 1,January,8,627
2024,Qtr 1,January,9,625.4
2024,Qtr 1,January,10,621.75
2024,Qtr 1,January,11,620.2
2024,Qtr 1,January,12,633.6
2024,Qtr 1,January,15,640.1
2024,Qtr 1,January,16,636.9
2024,Qtr 1,January,17,626
2024,Qtr 1,January,18,628.3
2024,Qtr 1,January,19,627.75
2024,Qtr 1,January,20,631.4
2024,Qtr 1,January,23,605.1
2024,Qtr 1,January,24,618.3
2024,Qtr 1,January,25,612.75
2024,Qtr 1,January,29,622.95
2024,Qtr 1,January,30,626.75
2024,Qtr 1,January,31,640.5
2024,Qtr 1,February,1,647.65
2024,Qtr 1,February,2,649.65
2024,Qtr 1,February,5,642.95
2024,Qtr 1,February,6,650.25
2024,Qtr 1,February,7,675.25
2024,Qtr 1,February,8,699.55
2024,Qtr 1,February,9,725.25
2024,Qtr 1,February,12,707.9
2024,Qtr 1,February,13,713.45
2024,Qtr 1,February,14,743.4
2024,Qtr 1,February,15,761.7
2024,Qtr 1,February,16,754.7
2024,Qtr 1,February,19,759.25
2024,Qtr 1,February,20,760.1
2024,Qtr 1,February,21,771.5
2024,Qtr 1,February,22,765.9
2024,Qtr 1,February,23,759.05
2024,Qtr 1,February,26,758.9
2024,Qtr 1,February,27,749.85
2024,Qtr 1,February,28,742.5
2024,Qtr 1,February,29,748.1
2024,Qtr 1,March,1,769.15
2024,Qtr 1,March,2,773.3
2024,Qtr 1,March,4,772.05
2024,Qtr 1,March,5,783.95
2024,Qtr 1,March,6,783.9
2024,Qtr 1,March,7,788.05
2024,Qtr 1,March,11,773.7
2024,Qtr 1,March,12,759.7
2024,Qtr 1,March,13,747.25
2024,Qtr 1,March,14,741.05
2024,Qtr 1,March,15,731.9
2024,Qtr 1,March,18,730.95
2024,Qtr 1,March,19,723.8
2024,Qtr 1,March,20,736.25
2024,Qtr 1,March,21,744.3
2024,Qtr 1,March,22,746.7
2024,Qtr 1,March,26,740.05
2024,Qtr 1,March,27,733.3
2024,Qtr 1,March,28,752.35
2024,Qtr 2,April,1,758.3
2024,Qtr 2,April,2,766.4
2024,Qtr 2,April,3,771.05
2024,Qtr 2,April,4,759.3
2024,Qtr 2,April,5,764.75
2024,Qtr 2,April,8,768.3
2024,Qtr 2,April,9,764.2
2024,Qtr 2,April,10,779.05
2024,Qtr 2,April,12,766.3
2024,Qtr 2,April,15,757.5
2024,Qtr 2,April,16,751.7
2024,Qtr 2,April,18,744.8
2024,Qtr 2,April,19,750.45
2024,Qtr 2,April,22,766.1
2024,Qtr 2,April,23,773
2024,Qtr 2,April,24,773.1
2024,Qtr 2,April,25,812.7
2024,Qtr 2,April,26,801.3
2024,Qtr 2,April,29,826.5
2024,Qtr 2,April,30,826.25
2024,Qtr 2,May,2,830.05
2024,Qtr 2,May,3,831.45
2024,Qtr 2,May,6,807.8
2024,Qtr 2,May,7,801.9
2024,Qtr 2,May,8,810.8
2024,Qtr 2,May,9,819.8
2024,Qtr 2,May,10,817.35
2024,Qtr 2,May,13,808.8
2024,Qtr 2,May,14,818.2
2024,Qtr 2,May,15,820.3
2024,Qtr 2,May,16,811.95
2024,Qtr 2,May,17,817.85
2024,Qtr 2,May,18,821
2024,Qtr 2,May,21,830.65
2024,Qtr 2,May,22,818.75
2024,Qtr 2,May,23,832.1
2024,Qtr 2,May,24,828.6
2024,Qtr 2,May,27,833.7
2024,Qtr 2,May,28,831.15
2024,Qtr 2,May,29,822.65
2024,Qtr 2,May,30,825.85
2024,Qtr 2,May,31,830.35
2024,Qtr 2,June,3,905.65
2024,Qtr 2,June,4,775.2
2024,Qtr 2,June,5,789.75
2024,Qtr 2,June,6,816.95
2024,Qtr 2,June,7,829.95
2024,Qtr 2,June,10,831.8
2024,Qtr 2,June,11,835.55
2024,Qtr 2,June,12,839.1
2024,Qtr 2,June,13,843.9
2024,Qtr 2,June,14,839.2
2024,Qtr 2,June,18,844.9
2024,Qtr 2,June,19,852.6
2024,Qtr 2,June,20,843.75
2024,Qtr 2,June,21,836.3
2024,Qtr 2,June,24,832.7
2024,Qtr 2,June,25,842.25
2024,Qtr 2,June,26,845.35
2024,Qtr 2,June,27,844
2024,Qtr 2,June,28,848.95
2024,Qtr 3,July,1,841.95
2024,Qtr 3,July,2,826.15
2024,Qtr 3,July,3,839.95
2024,Qtr 3,July,4,839.3
2024,Qtr 3,July,5,859.75
2024,Qtr 3,July,8,856.25
2024,Qtr 3,July,9,861.3
2024,Qtr 3,July,10,849
2024,Qtr 3,July,11,856.7
2024,Qtr 3,July,12,859.7
2024,Qtr 3,July,15,881.35
2024,Qtr 3,July,16,880.7
2024,Qtr 3,July,18,893.55
2024,Qtr 3,July,19,889.35
2024,Qtr 3,July,22,876.8
2024,Qtr 3,July,23,863.9
2024,Qtr 3,July,24,852
2024,Qtr 3,July,25,848.5
2024,Qtr 3,July,26,862.45
2024,Qtr 3,July,29,871.6
2024,Qtr 3,July,30,872.8
2024,Qtr 3,July,31,872.4
2024,Qtr 3,August,1,862.65
2024,Qtr 3,August,2,847.85
2024,Qtr 3,August,5,811.65
2024,Qtr 3,August,6,797.7
2024,Qtr 3,August,7,808.65
2024,Qtr 3,August,8,808.05
2024,Qtr 3,August,9,824.3
2024,Qtr 3,August,12,812.6
2024,Qtr 3,August,13,797.55
2024,Qtr 3,August,14,803
2024,Qtr 3,August,16,812.1
2024,Qtr 3,August,19,813.7
2024,Qtr 3,August,20,820.3
2024,Qtr 3,August,21,815.55
2024,Qtr 3,August,22,820.3
2024,Qtr 3,August,23,815.35
2024,Qtr 3,August,26,815.05
2024,Qtr 3,August,27,815.9
2024,Qtr 3,August,28,809.4
2024,Qtr 3,August,29,814.5
2024,Qtr 3,August,30,815.6
2024,Qtr 3,September,2,822.15
2024,Qtr 3,September,3,824.8
2024,Qtr 3,September,4,816.5
2024,Qtr 3,September,5,818.75
2024,Qtr 3,September,6,782.5
2024,Qtr 3,September,9,784.25
2024,Qtr 3,September,10,782.65
2024,Qtr 3,September,11,768.6
2024,Qtr 3,September,12,787.75
2024,Qtr 3,September,13,790.85
2024,Qtr 3,September,16,785.55
2024,Qtr 3,September,17,782.9
2024,Qtr 3,September,18,792.75
2024,Qtr 3,September,19,789.95
2024,Qtr 3,September,20,781.7
2024,Qtr 3,September,23,801.85
2024,Qtr 3,September,24,798.25
2024,Qtr 3,September,25,793.1
2024,Qtr 3,September,26,801.85
2024,Qtr 3,September,27,802.65
2024,Qtr 3,September,30,787.9
2024,Qtr 4,October,1,796.95
2024,Qtr 4,October,3,794.1
2024,Qtr 4,October,4,796.65
2024,Qtr 4,October,7,770.65
2024,Qtr 4,October,8,781.45
2024,Qtr 4,October,9,797.4
2024,Qtr 4,October,10,797.1
2024,Qtr 4,October,11,799.75
2024,Qtr 4,October,14,805.15
2024,Qtr 4,October,15,804.65
2024,Qtr 4,October,16,805.45
2024,Qtr 4,October,17,811.05
2024,Qtr 4,October,18,820.4
2024,Qtr 4,October,21,813.95
2024,Qtr 4,October,22,790.4
2024,Qtr 4,October,23,786
2024,Qtr 4,October,24,794.55
2024,Qtr 4,October,25,780.95
2024,Qtr 4,October,28,792.05
2024,Qtr 4,October,29,832.7
2024,Qtr 4,October,30,822.45
2024,Qtr 4,October,31,820.2
2024,Qtr 4,November,1,821.2
2024,Qtr 4,November,4,829.85
2024,Qtr 4,November,5,849.2
2024,Qtr 4,November,6,854.8
2024,Qtr 4,November,7,859.6
2024,Qtr 4,November,8,843.15
2024,Qtr 4,November,11,847.65
2024,Qtr 4,November,12,826.7
2024,Qtr 4,November,13,808.65
2024,Qtr 4,November,14,804.25
2024,Qtr 4,November,18,814.3
2024,Qtr 4,November,19,803
2024,Qtr 4,November,21,780.75
2024,Qtr 4,November,22,816.05
2024,Qtr 4,November,25,844.45
2024,Qtr 4,November,26,839.4
2024,Qtr 4,November,27,834.1
2024,Qtr 4,November,28,838.85
2024,Qtr 4,November,29,838.95
2024,Qtr 4,December,2,836.4
2024,Qtr 4,December,3,853.95
2024,Qtr 4,December,4,859.7
2024,Qtr 4,December,5,865.45
2024,Qtr 4,December,6,863.65
2024,Qtr 4,December,9,858.05
2024,Qtr 4,December,10,867.5
2024,Qtr 4,December,11,861.6
2024,Qtr 4,December,12,853.7
2024,Qtr 4,December,13,861.55
2024,Qtr 4,December,16,860.95
2024,Qtr 4,December,17,850.55
2024,Qtr 4,December,18,838.15
2024,Qtr 4,December,19,832.8
2024,Qtr 4,December,20,812
2024,Qtr 4,December,23,821.15
2024,Qtr 4,December,24,812.05
2024,Qtr 4,December,26,812.45
2024,Qtr 4,December,27,799.65
2024,Qtr 4,December,30,788.3
2024,Qtr 4,December,31,794.95
2025,Qtr 1,January,1,793.2
2025,Qtr 1,January,2,801.2
2025,Qtr 1,January,3,793.4
2025,Qtr 1,January,6,776.4
2025,Qtr 1,January,7,778.75
2025,Qtr 1,January,8,771.15
2025,Qtr 1,January,9,760.45
2025,Qtr 1,January,10,743.25
2025,Qtr 1,January,13,729.5
2025,Qtr 1,January,14,748.15
2025,Qtr 1,January,15,753.7
2025,Qtr 1,January,16,766.3
2025,Qtr 1,January,17,764.1
2025,Qtr 1,January,20,779.25
2025,Qtr 1,January,21,759.05
2025,Qtr 1,January,22,753.45
2025,Qtr 1,January,23,745.9
2025,Qtr 1,January,24,744.15
2025,Qtr 1,January,27,749.2
2025,Qtr 1,January,28,752.4
2025,Qtr 1,January,29,758.45
2025,Qtr 1,January,30,762.6
2025,Qtr 1,January,31,772.9
2025,Qtr 1,February,1,766
